Brand Name,Device Type,Model Name,Color,Selling Price,Units Sold,Display,Rating (Out of 5),Strap Material,Average Battery Life (in days),Reviews,Country,City,Profit
Xiaomi,FitnessBand,Smart Band 5,Black,"2,499",158.928,AMOLED Display,4.1,Thermoplastic polyurethane,14,,United Kingdom,London,8.445
Xiaomi,FitnessBand,Smart Band 4,Black,"2,099",211.248,AMOLED Display,4.2,Thermoplastic polyurethane,14,,United Kingdom,London,-46.3946
Xiaomi,FitnessBand,HMSH01GE,Black,"1,722",5.552,LCD Display,3.5,Leather,14,,United Kingdom,London,3.8272
Xiaomi,FitnessBand,Smart Band 5,Black,"2,469",2.952,AMOLED Display,4.1,Thermoplastic polyurethane,14,,United Kingdom,London,7.5992
Xiaomi,FitnessBand,Band 3,Black,"1,799",10.332,OLED Display,4.3,Plastic,7,,United Kingdom,London,233.2204
Xiaomi,FitnessBand,Band - HRX Edition,Black,"1,299",18.368,OLED Display,4.2,Plastic,20,,United Kingdom,London,21.024
Xiaomi,FitnessBand,Band 2,Black,"2,499",299.9,OLED Display,4.3,Plastic,7,,United Kingdom,London,29.7408
Xiaomi,Smartwatch,Revolve,Black,"12,349",26.55,AMOLED Display,4.4,Silicone,14,2,United Kingdom,London,11.2422
Xiaomi,Smartwatch,RevolveActive,Black,"12,999",111.98,AMOLED Display,4.4,Silicone,14,3,United Kingdom,Birmingham,0.504
Xiaomi,FitnessBand,Smart Band 3i,Black,"1,270",4.928,OLED Display,4.2,Thermoplastic polyurethane,7,,United Kingdom,Birmingham,20.8494
OnePlus ,FitnessBand,Steven Harrington Edition Band,Blue,"3,299",11.784,AMOLED Display,4.3,Thermoplastic polyurethane,7,,United Kingdom,Birmingham,60.49
OnePlus ,FitnessBand,Band,Dual Color,"2,499",7.98,AMOLED Display,4.2,Thermoplastic polyurethane,7,,United Kingdom,Birmingham,9.5032
FitBit,Smartwatch,Versa 2,"Grey, Pink, Black","11,999",180.96,AMOLED Display,4.3,Silicone,7,,United Kingdom,Birmingham,0.9856
FitBit,Smartwatch,Sense,"Black, Pink, Beige","21,499",1649.95,AMOLED Display,4.2,Elastomer,7,,United Kingdom,Birmingham,3.6192
FitBit,Smartwatch,Versa 3,"Black, Blue, Pink","17,999",362.352,AMOLED Display,4.3,Elastomer,7,,United Kingdom,Birmingham,4.1944
FitBit,FitnessBand,Charge 4,"Storm Blue, Black, Rosewood","9,999",73.584,PMOLED Display,4.2,Elastomer,7,,United Kingdom,Birmingham,100.24
FitBit,FitnessBand,Inspire,Maroon ,"7,990",486.368,LED Display,4.2,Silicone,5,,United Kingdom,Birmingham,-89.089
FitBit,FitnessBand,Inspire 2,"Black, Desert Rose, Lunar White","6,999",32.4,PMOLED Display,4.4,Thermoplastic polyurethane,10,,United Kingdom,Birmingham,4.672
FitBit,FitnessBand,Lunar,White ,"10,899",41.86,AMOLED Display,4.7,Silicone,7,,United Kingdom,Birmingham,-24.2352
FitBit,FitnessBand,Charge 4,Granite Reflective ,"10,999",77.56,PMOLED Display,4.2,Elastomer,7,,United Kingdom,Birmingham,17.8152
FitBit,FitnessBand,FB413LVLV,Lilac ,"8,807",37.17,AMOLED Display,4.1,Silicone,5,,United Kingdom,Birmingham,-98.8018
FitBit,FitnessBand,Flex Small,"Violet, black, Grey, Teal, Blue, Red","8,490",137.352,OLED Display,3.8,Rubber,5,,United Kingdom,Birmingham,0.4706
FitBit,FitnessBand,Inspire HR,Black ,"5,599",376.509,LED Display,4.3,Silicone,5,,United Kingdom,Birmingham,15.599
FitBit,FitnessBand,Inspire,Black ,"5,299",62.72,LED Display,4.2,Silicone,5,,United Kingdom,Birmingham,-115.7058
FitBit,FitnessBand,Charge 3,Grey ,"7,599",2939.93,OLED Display,4.3,Silicone,7,,United Kingdom,Birmingham,252.588
FitBit,Smartwatch,Versa Special Edition,Charcoal ,"10,365",512.358,AMOLED Display,4.1,Fabric,7,,United Kingdom,Birmingham,14.8344
FitBit,Smartwatch,Ionic,Black ,"18,999",3.488,LCD Display,4.1,Elastomer,7,,United Kingdom,Birmingham,31.587
FitBit,Smartwatch,Versa 2 Special Edition,Multicolor ,"15,499",22.288,AMOLED Display,4.4,Silicone,7,,United Kingdom,Birmingham,14.3075
FitBit,Smartwatch,Ionic,Blue ,"22,499",16.032,LCD Display,4.1,Elastomer,7,,United Kingdom,Birmingham,35.9964
FitBit,Smartwatch,Ionic,Grey ,"26,499",1.752,LCD Display,4.1,Elastomer,7,,United Kingdom,Birmingham,67.6599
FitBit,Smartwatch,Versa,Purple,"16,990",20.992,AMOLED Display,4.1,Silicone,7,,United Kingdom,Birmingham,11.4516
FitBit,Smartwatch,Versa,Grey ,"17,895",11.21,AMOLED Display,4.2,Silicone,7,,United Kingdom,Birmingham,8.2688
FitBit,Smartwatch,Surge,Blue,"24,990",45.04,LCD Display,3.8,Elastomer,7,,United Kingdom,Birmingham,12.432
FitBit,FitnessBand,Charge 2,Black ,"7,499",15.624,PMOLED Display,4.3,Silicone,7,,United Kingdom,Birmingham,-52.17
FitBit,FitnessBand,Charge 3 Special Edition,"Purple, White","9,999",8.74,OLED Display,4,Silicone,7,,United Kingdom,Birmingham,381.297
FitBit,Smartwatch,Blaze,Purple,"17,999",44.75,LCD Display,4.2,Elastomer,7,,United Kingdom,Birmingham,13.3476
FitBit,Smartwatch,Blaze,Blue,"19,999",61.68,LCD Display,4.2,Elastomer,7,,United Kingdom,Bristol,-115.4958
FitBit,Smartwatch,Blaze,Black,"22,999",158.376,LCD Display,4.2,Elastomer,7,,United Kingdom,Bristol,15.2712
FitBit,Smartwatch,Surge,Black,"19,990",2.864,LCD Display,3.8,Elastomer,7,,United Kingdom,Bristol,1.4456
FitBit,FitnessBand,Alta HR,"Black, Plum, Grey","14,999",94.192,OLED Display,4.3,Elastomer,7,,United Kingdom,Bristol,3.5178
FitBit,FitnessBand,Charge 2,Plum silver,"14,999",143.7,PMOLED Display,4.4,Silicone,7,,United Kingdom,Bristol,2.2412
FitBit,Smartwatch,Versa Lite Edition,Purple ,"16,999",6.48,AMOLED Display,4.2,Elastomer,7,,United Kingdom,Bristol,49.4982
FitBit,Smartwatch,Surge,Orange,"24,990",7.88,LCD Display,3.8,Elastomer,7,,United Kingdom,Bristol,6.4128
FitBit,Smartwatch,versa,Grey ,"21,499",11.21,AMOLED Display,4.1,Silicone,7,,United Kingdom,Bristol,13.0375
FitBit,Smartwatch,Versa,Pink ,"16,124",354.9,AMOLED Display,4.1,Silicone,7,,United Kingdom,Bristol,4.176
FitBit,FitnessBand,Charge HR,Purple ,"6,990",17.94,OLED Display,3.9,Thermoplastic polyurethane,7,,United Kingdom,Bristol,157.0176
FitBit,FitnessBand,Charge HR,"Orange, Pink, Green","14,990",51.8,OLED Display,3.9,Thermoplastic polyurethane,7,,United Kingdom,Bristol,9.3312
FitBit,FitnessBand,Alta HR,"Rose Gold, Gun Metal Black","16,999",299.52,OLED Display,4.3,Elastomer,7,,United Kingdom,Bristol,68.976
FitBit,Smartwatch,Versa Lite Edition,Blue ,"14,399",7.7,AMOLED Display,4.2,Elastomer,7,,United Kingdom,Bristol,14.2758
FitBit,FitnessBand,Alta,"Black, Purple, Teal, Blue","12,999",23.92,OLED Display,4.1,Elastomer,7,,United Kingdom,Bristol,15.246
FitBit,Smartwatch,Versa 3,"Black, Blue, Pink","17,999",498,AMOLED Display,4.3,Elastomer,7,,United Kingdom,Bristol,131.355
FitBit,FitnessBand,Charge 2,Violet ,"14,999",436.704,PMOLED Display,4.3,Silicone,7,,United Kingdom,Bristol,33.9388
FitBit,Smartwatch,Versa,Black ,"20,590",32.4,AMOLED Display,4.1,Silicone,7,,United Kingdom,Bristol,90.972
FitBit,Smartwatch,Versa 2,Purple ,"13,499",61.44,AMOLED Display,4.3,Silicone,7,,United Kingdom,Bristol,8.7138
FitBit,Smartwatch,Surge,Black,"9,999",73.36,LCD Display,3.8,Elastomer,7,,United Kingdom,Bristol,2.4
FitBit,FitnessBand,Charge 3,Black ,"9,999",59.2,OLED Display,4.3,Silicone,7,,United Kingdom,Exeter,66.9546
FitBit,FitnessBand,Charge 2,Blue ,"7,499",32.952,PMOLED Display,4.3,Silicone,7,,United Kingdom,Exeter,24.936
FitBit,FitnessBand,Charge 2,Light Blue,"14,999",218.376,PMOLED Display,4.4,Silicone,7,,United Kingdom,Exeter,79.1934
FitBit,FitnessBand,Charge 2,Blue ,"8,999",31.4,PMOLED Display,4.4,Silicone,7,,United Kingdom,Exeter,114.9954
FitBit,FitnessBand,Charge 2,Black ,"7,498",9.48,PMOLED Display,4.3,Silicone,7,,United Kingdom,Exeter,2.376
FitBit,FitnessBand,Charge 2,Sky Blue ,"14,999",209.5,PMOLED Display,4.3,Silicone,7,,United Kingdom,Exeter,3.8822
FitBit,FitnessBand,Inspire HR,Purple ,"5,598",24.3,LED Display,4.3,Silicone,5,,United Kingdom,Exeter,2.6892
FitBit,FitnessBand,Inspire HR,White ,"5,899",6.48,LED Display,4.3,Silicone,5,,United Kingdom,Exeter,6.3504
realme,FitnessBand,Band 2,Black,"2,999",32.448,TFT-LCD Display,4.1,Silicone,7,,United Kingdom,Exeter,3.1104
realme,FitnessBand,Band,Yellow,"1,499",26.388,TFT-LCD Display,4,Silicone,7,,United Kingdom,Exeter,2.3571
realme,FitnessBand,Smart band,Grey,"1,450",373.47,TFT-LCD Display,4,Silicone,7,,United Kingdom,Exeter,4.1965
realme,FitnessBand,Band,Black,"1,290",64.2,TFT-LCD Display,4,Silicone,7,,United Kingdom,Exeter,47.9376
Huawei,FitnessBand,Band 4,Black,"1,899",8,TFT-LCD Display,4.2,Silicone,7,,United Kingdom,Exeter,95.7572
Huawei,FitnessBand,Band 2,Black,"1,699",186.54,PMOLED Display,4.1,Silicone,7,,France ,Paris,377.9946
Huawei,FitnessBand,Band 2,Blue,"6,999",87.08,PMOLED Display,4.2,Silicone,7,,France ,Paris,3.5858
Huawei,FitnessBand,Band 2,Black,"4,599",105.584,PMOLED Display,4.1,Silicone,7,,France ,Paris,13.7646
Huawei,FitnessBand,Band 6,"Pink, Black, Teal, Orange","4,490",217.44,PMOLED Display,4.4,Silicone,7,,France ,Paris,0
Huawei,FitnessBand,Band 2 Pro Activity,"Pink, Black","2,199",31.744,PMOLED Display,4.1,Silicone,7,,France ,Paris,22.3548
Honor,FitnessBand,Band 6,"Sandstone Grey, Meteorite Black, Coral Pink, ","2,999",5.432,AMOLED Display,4.3,Plastic,14,6568,France ,Paris,53.7504
Honor,FitnessBand,Band 4,"Meteorite Black, Midnight Navy","2,700",913.43,AMOLED Display,4.4,Plastic,7,17809,France ,Paris,-6.098
Honor,FitnessBand,Band 3,Dynamic Orange,"2,499",372.144,AMOLED Display,4.3,Plastic,7,23426,France ,Paris,-23.0352
Honor,FitnessBand,Band 5i,Black,"2,469",751.984,LCD Display,4.2,Plastic,7,4628,France ,Paris,37.9962
Honor,FitnessBand,Band 3,Navy Blue,"2,499",604.768,PMOLED Display,4.3,Plastic,7,23426,France ,Paris,22.1536
Honor,FitnessBand,Band 5,Black,"2,899",27.36,AMOLED Display,4.4,Plastic,14,4628,France ,Paris,6.6976
Honor,FitnessBand,Band 5,Black,"2,099",20.56,AMOLED Display,4.4,Plastic,14,4628,France ,Paris,16.3863
Honor,FitnessBand,Band 5,Olive Green,"2,199",83.92,AMOLED Display,4.4,Plastic,14,4628,France ,Paris,5.2026
Honor,FitnessBand,Band 4,Black,"2,599",902.712,AMOLED Display,4.4,Plastic,7,17809,France ,Paris,12.264
Honor,FitnessBand,Band 5i,Black,"1,799",120.666,LCD Display,4.2,Plastic,14,4628,France ,Paris,1.311
Honor,FitnessBand,band 4 running,Black,"1,649",4.984,AMOLED Display,3.2,Plastic,7,4628,France ,Paris,4.756
Honor,FitnessBand,Band Z1,Black,"5,499",82.26,AMOLED Display,3.9,Plastic,14,77,France ,Paris,80.3682
Honor,FitnessBand,Band 3,Black,"4,750",29.74,OLED Display,4.3,Plastic,7,122,France ,Paris,77.7519
GOQii,FitnessBand,Beat,Black,"2,999",87.36,OLED Display,2.8,Silicone,7,,France ,Paris,297.69
GOQii,FitnessBand,Vital 3.0,Black,"3,999",56.16,OLED Display,3.1,Silicone,7,,France ,Paris,6.2208
Infinix,FitnessBand,Band 5,"Black, Blue, Red","1,499",64.384,TFT-LCD Display,3.8,Silicone,4,,France ,Paris,1.3365
LCARE,Smartwatch,Watch,Black,"2,995",64.784,OLED Display,3.5,Silicone,7,,France ,Paris,38.2095
LCARE,FitnessBand,Mambo,Black,"1,699",15.552,OLED Display,3.8,Silicone,4,,France ,Paris,6.2192
LAVA,FitnessBand,BeFit,Black,"1,999",223.888,LCD Display,3.6,Thermoplastic polyurethane,7,,France ,Paris,106.477
Noise,FitnessBand,ColorFit,"Black, Blue","2,199",10.896,LCD Display,3.6,Silicone,3,,France ,Paris,1.2885
Noise,FitnessBand,ColorFit2,"Black, Blue, Pink","1,699",84.784,TFT-LCD Display,3.9,Thermoplastic polyurethane,7,,France ,Paris,601.9699
Oppo,Smartwatch,46 mm,"Black, Gold","14,990",241.5,AMOLED Display,3.9,Rubber,14,484,France ,Paris,125.99
Oppo,Smartwatch,41mm,"Pink, Silver, Black","17,990",59.97,AMOLED Display,3.9,Rubber,14,,France ,Paris,6.36
realme,Smartwatch,2 Pro,Grey,"4,999",13.36,AMOLED Display,4.4,Silicone,14,338,France ,Paris,5.6448
realme,Smartwatch,2S,Black,"3,499",11.808,AMOLED Display,4.2,Silicone,7,928,France ,Paris,31.6
realme,Smartwatch,S,"Black, White","4,999",16.24,AMOLED Display,4.3,Silicone,14,"4,142",France ,Paris,188.2192
realme,Smartwatch,S,Black,"6,779",77.55,AMOLED Display,4.3,Silicone,14,,France ,Paris,49.9704
realme,Smartwatch,S Pro,Black,"9,999",76.12,AMOLED Display,4.1,Silicone,14,259,France ,Paris,-14.1372
realme,Smartwatch,S Master,Black,"5,999",17.184,AMOLED Display,4.3,Silicone,14,,France ,Paris,9.8658
realme,Smartwatch,Fashion,Black,"5,400",11.76,TFT-LCD Display,4,Silicone,14,,France ,Paris,171.93
realme,Smartwatch,Classic,Black,"3,921",27.46,TFT-LCD Display,4,Silicone,7,,France ,Paris,35.099
Fastrack,Smartwatch,Reflex 3.0,"Black, Pink","2,495",137.94,TFT-LCD Display,3.8,Silicone,7,,France ,Paris,7.7004
Fastrack,Smartwatch,Reflex 3.0,Black,"2,200",111.15,TFT-LCD Display,4.1,Silicone,4,,France ,Paris,6.603
Fastrack,Smartwatch,Reflex Beat,"Purple, Black","1,645",901.95,TFT-LCD Display,4,Silicone,4,,France ,Paris,1.984
Fastrack,FitnessBand,Reflex Smart Band,"Orange, Red, Black","1,595",366.009,OLED Display,4,Silicone,4,,France ,Paris,-48.5082
Fastrack,FitnessBand,Reflex Smart Band,"Green, Grey","1,195",310.688,OLED Display,4.1,Silicone,4,,France ,Paris,6.8714
Fastrack,Smartwatch,Reflex 2.0,"Black, Green","1,395",7.68,TFT-LCD Display,4.1,Silicone,10,,France ,Paris,112.4064
boAt ,Smartwatch,Storm,"Black, Teal Green, Grey","2,999",155.372,LCD Display,4.1,Thermoplastic polyurethane,7,1070,France ,Paris,20.21
boAt ,Smartwatch,Xplorer,"Black, Red, Blue","3,499",10.744,LCD Display,3.8,Thermoplastic polyurethane,10,23069,France ,Paris,27.441
boAt ,Smartwatch,Delta,"Black, Grey, Red","2,499",232.4,LCD Display,3.6,Silicone,7,529,France ,Paris,30.415
boAt ,Smartwatch,O2,"Black, Green","7,990",164.646,LCD Display,4.1,Thermoplastic polyurethane,10,20122,France ,Paris,132.5898
Noise ,Smartwatch,ColorFit Qube SpO2,"Charcoal Grey, Black, Pink","2,499",22.68,AMOLED Display,4.3,Thermoplastic polyurethane,7,,France ,Paris,56.3528
Noise ,Smartwatch,ColorFit Pro 3,"Green, Grey, Black, Blue, Pink, Red","3,999",105.52,AMOLED Display,4.2,Thermoplastic polyurethane,7,,France ,Paris,63.8232
Noise ,Smartwatch,ColorFit Qube SpO2,"Charcoal Black, Beige Gold","2,499",83.92,AMOLED Display,4.3,Thermoplastic polyurethane,7,,France ,Paris,44.5278
Noise ,Smartwatch,ColorFit Brio,"Black, Pink","2,999",141.9,AMOLED Display,4.3,Thermoplastic polyurethane,10,,France ,Paris,27.8944
Noise ,Smartwatch,ColorFit Pro 2,"Black, Deep Wine, Blue, Grey, Teal","2,699",39.98,AMOLED Display,4.1,Silicone,10,,France ,Paris,38.15
Noise ,Smartwatch,Fit Active,"Blue, Black","3,499",28.91,AMOLED Display,4.2,Silicone,7,,France ,Paris,167.808
Noise ,Smartwatch,ColorFit Qube,"Black, Green","2,499",174.95,AMOLED Display,4,Thermoplastic polyurethane,7,,France ,Paris,29.952
Noise ,Smartwatch,ColorFit Pro 2 Oxy,"Black, Blue, Red","2,499",110.528,AMOLED Display,4,Thermoplastic polyurethane,7,,France ,Paris,1.1596
Noise ,Smartwatch,ColorFit Brio,"Black, Green","3,499",630.024,AMOLED Display,4.3,Thermoplastic polyurethane,7,,France ,Paris,6.2208
Noise ,Smartwatch,NoiseFit Endure,"Black, Red, Blue","2,999",27.86,AMOLED Display,3.9,Silicone,7,,France ,Paris,5.2026
Noise ,Smartwatch,NoiseFit Endure,"Grey, Green","2,599",933.408,AMOLED Display,3.9,Silicone,7,,France ,Paris,-68.392
Noise ,Smartwatch,ColorFit Pro,"Black, Blue","2,513",51.84,AMOLED Display,3.9,Silicone,7,,France ,Paris,2.9372
Noise ,Smartwatch,ColorFit Pro,"Green, Teal, Grey","2,499",165.6,AMOLED Display,3.9,Silicone,7,,France ,Paris,20.85
Noise ,Smartwatch,Fit Evolve,"Red, Black","5,499",106.32,AMOLED Display,3.9,Thermoplastic polyurethane,7,,France ,Paris,133.152
Noise ,Smartwatch,Fusiom Hybrid,Blue,"5,999",147.92,AMOLED Display,4,Thermoplastic polyurethane,7,,France ,Paris,2.8322
Noise ,Smartwatch,Evolve,"Black, Grey, Red","4,999",104.28,AMOLED Display,3.9,Thermoplastic polyurethane,7,,France ,Paris,11.2476
Noise ,Smartwatch,NoiseFit Endure,"Black, Blue, Teal","2,799",286.85,AMOLED Display,3.9,Thermoplastic polyurethane,7,,France ,Paris,5.1042
Honor,Smartwatch,Z1,Black,"5,499",66.96,OLED Display,3.1,Silicone,14,102,France ,Paris,123.7691
Honor,Smartwatch,GS Pro,Black,"13,999",199.98,AMOLED Display,4.4,Nylon,25,215,France ,Paris,12.4416
Honor,Smartwatch,GS Pro,Blue,"17,999",45,AMOLED Display,4.4,Nylon,25,215,France ,Paris,22.5008
Honor,Smartwatch,Watch Magic,Black,"7,999",17.9,AMOLED Display,4.3,Silicone,7,281,France ,Paris,1.742
Honor,Smartwatch,Magic Watch 2,Brown,"13,999",40.48,AMOLED Display,4.4,Leather,14,1663,France ,Paris,10.465
Honor,Smartwatch,Watch ES,"Black, Pink","4,999",2154.9,AMOLED Display,4.3,Silicone,10,354,France ,Paris,23.384
Honor,Smartwatch,Magic Watch,Brown,"9,047",18.432,AMOLED Display,4.3,Silicone,7,281,France ,Paris,27.3528
huami,Smartwatch,Amazfit GTS,Beige,"5,499",10.944,AMOLED Display,4.3,Silicone,14,1907,France ,Paris,-29.3436
huami,Smartwatch,Amazfit GTS,Black,"5,299",4.36,AMOLED Display,4.3,Silicone,14,1907,France ,Paris,137.2896
huami,Smartwatch,Amazfit GTS,Pink,"5,999",62.352,AMOLED Display,4.3,Silicone,14,1907,France ,Lyon,24.528
huami,Smartwatch,Amazfit GTS,Blue,"5,499",303.92,AMOLED Display,4.3,Silicone,14,1907,France ,Lyon,-2.1624
huami,Smartwatch,Amazfit Bip U,"Black, Pink","2,999",129.3,AMOLED Display,4.2,Silicone,9,1334,France ,Lyon,0
huami,Smartwatch,Amazfit Bip S Lite,Black,"1,999",274.2,AMOLED Display,3.9,Silicone,14,849,France ,Lyon,3.1584
huami,Smartwatch,Amazfit T-Rex,"Green, Grey","5,999",6.048,AMOLED Display,4.3,Silicone,20,359,France ,Lyon,22.5732
huami,Smartwatch,Amazfit GTS 2e,Purple,"7,999",6.848,AMOLED Display,4.2,Silicone,14,294,France ,Lyon,5.3214
huami,Smartwatch,Amazfit GTR 2 Aluminium,"Black, Red","11,999",9.96,AMOLED Display,4.1,Silicone,10,647,France ,Lyon,22.2516
huami,Smartwatch,Amazfit GTS 2,Black,"11,999",8.552,AMOLED Display,4.1,Silicone,7,153,France ,Lyon,5.04
huami,Smartwatch,Amazfit GTR 2 Stainless Steel,"Grey, Blue","12,499",45.584,AMOLED Display,4.1,Silicone,10,647,United States,Philadelphia,200.9546
huami,Smartwatch,Amazfit Bip,Black,"5,499",25.488,AMOLED Display,4.2,Silicone,28,4651,United States,Philadelphia,46.3185
huami,Smartwatch,Amazfit GTR 42 mm Glitter,White ,"9,999",136.96,AMOLED Display,4.2,Silicone,12,3,United States,Philadelphia,15.6993
huami,Smartwatch,Amazfit Neo,Black,"2,499",49.616,AMOLED Display,4.2,Thermoplastic polyurethane,7,176,United States,Houston,80.9919
huami,Smartwatch,Amazfit Bip S,Black,"5,299",10.584,AMOLED Display,4,Thermoplastic polyurethane,15,489,United States,Richardson,-447.5947
huami,Smartwatch,Amazfit GTR 42,Black,"8,999",84.416,AMOLED Display,4.3,Silicone,14,,United States,Richardson,-553.6476
huami,Smartwatch,Amazfit Stratos 3,Black,"13,999",431.94,AMOLED Display,3.7,Silicone,14,,United States,Houston,-122.7816
huami,Smartwatch,Amazfit GTR 42,Red,"9,999",2.043,AMOLED Display,4.3,Silicone,12,146,United States,Houston,16.3842
huami,Smartwatch,Amazfit Pace,Black,"9,999",68.238,AMOLED Display,4.2,Silicone,14,,United States,Houston,75.9696
huami,Smartwatch,Amazfit Bip S,Red,"2,999",240.744,AMOLED Display,3.9,Thermoplastic polyurethane,15,489,United States,Houston,-10.054
huami,Smartwatch,Amazfit Bip S,"Green, Grey","3,799",35,AMOLED Display,3.9,Thermoplastic polyurethane,15,489,United States,Naperville,40.9216
huami,Smartwatch,Amazfit Bip,Pink,"5,499",210.68,AMOLED Display,4.2,Silicone,28,489,United States,Los Angeles,44.8896
huami,Smartwatch,Amazfit Bip S,White ,"4,999",637.896,AMOLED Display,4,Thermoplastic polyurethane,15,489,United States,Melbourne,20.7
huami,Smartwatch,Amazfit GTR 47,Black,"10,999",43.44,AMOLED Display,4.2,Silicone,25,,United States,Eagan,-18.1068
huami,Smartwatch,Amazfit GTR 47,Black,"8,999","13,999",AMOLED Display,4.3,Silicone,25,176,United States,Eagan,11.3288
huami,Smartwatch,Amazfit Verge,Black,"12,999","12,999",AMOLED Display,4.1,Silicone,25,489,United States,Westland,-26.6352
huami,Smartwatch,Amazfit Verge,Black,"11,999","12,999",AMOLED Display,4.1,Silicone,25,489,United States,Dover,0.307
huami,Smartwatch,Amazfit Verge,Black,"5,999","8,999",AMOLED Display,4.2,Silicone,14,489,United States,Dover,93.24
huami,Smartwatch,Amazfit Bip,Red,"4,950","5,990",AMOLED Display,4.2,Silicone,28,176,United States,New Albany,-27.1296
huami,Smartwatch,Amazfit Verge,Black,"11,999","12,999",AMOLED Display,4.1,Silicone,7,176,United States,New Albany,0.8225
huami,Smartwatch,Amazfit Bip,Purple,"5,499","6,999",AMOLED Display,4.2,Silicone,28,176,United States,New Albany,7.6986
huami,Smartwatch,Amazfit Stratos,Black,"12,999","15,999",AMOLED Display,4.2,Silicone,25,103,United States,New Albany,-14.4784
huami,Smartwatch,Amazfit Bip Lite,Black,"3,499","5,499",AMOLED Display,4,Thermoplastic polyurethane,7,125,United States,New York City,0.1134
huami,Smartwatch,Amazfit Verge Lite,Black,"5,999","8,999",AMOLED Display,4.2,Silicone,5,136,United States,New York City,-58.8616
huami,Smartwatch,Amazfit Bip,Grey,"6,399","7,399",AMOLED Display,4.4,Silicone,28,176,United States,Troy,1.148
huami,Smartwatch,Bip Lite On,Black,"7,999","14,999",AMOLED Display,4.1,Silicone,7,183,United States,Troy,15.065
SAMSUNG ,Smartwatch,Galaxy Active 2,"Black, Beige","11,990","25,990",AMOLED Display,4.5,Silicone,7,,United States,Troy,1.7138
SAMSUNG ,Smartwatch,Galaxy Active 2,Grey,"12,990","25,990",AMOLED Display,4.5,Silicone,7,,United States,Troy,15.49
SAMSUNG ,Smartwatch,Galaxy Classic 4,Black,"32,959","37,999",AMOLED Display,4.6,Elastomer,14,,United States,Troy,11.6263
SAMSUNG ,Smartwatch,Galaxy Classic 4,Silver,"40,000","42,999",AMOLED Display,4.6,Elastomer,14,,United States,Troy,45.7704
SAMSUNG ,Smartwatch,Galaxy Classic 4,Silver,"34,999","37,999",AMOLED Display,4.6,Elastomer,14,,United States,Troy,4.4856
SAMSUNG ,Smartwatch,Galaxy Classic 4 LTE,Black,"28,999","31,999",AMOLED Display,5,Elastomer,14,,United States,Los Angeles,62.748
SAMSUNG ,FitnessBand,Galaxy Fit-e Smart,Black,"2,000","2,590",PMOLED Display,3.8,Rubber,7,,United States,Los Angeles,15.8376
SAMSUNG ,FitnessBand,Galaxy Fit-e Smart,Yellow,"2,490","2,590",PMOLED Display,3.8,Rubber,7,,United States,Los Angeles,59.998
SAMSUNG ,FitnessBand,Galaxy Fit,Silver,"8,990","9,990",AMOLED Display,4,Rubber,7,,United States,Los Angeles,3.6156
SAMSUNG ,Smartwatch,Galaxy Watch 3,Black,"28,990","30,990",AMOLED Display,4.3,Leather,14,,United States,Chicago,8.8624
SAMSUNG ,Smartwatch,Galaxy Watch 4 LTE,Black,"31,999","34,999",AMOLED Display,4.6,Elastomer,14,,United States,Gilbert,3.1104
SAMSUNG ,Smartwatch,Galaxy Watch 4 Classic LTE,Black,"40,000","42,999",AMOLED Display,4.6,Elastomer,14,,United States,Gilbert,20.5114
SAMSUNG ,Smartwatch,Galaxy Watch 4 LTE,Pink,"28,999","31,999",AMOLED Display,4.6,Elastomer,14,,United States,Springfield,97.1946
SAMSUNG ,Smartwatch,Galaxy Active 2,Grey,"18,990","28,490",AMOLED Display,4.1,Silicone,14,,United States,New York City,42.1504
SAMSUNG ,Smartwatch,Galaxy 46mm,Grey,"16,990","33,999",AMOLED Display,4.5,Elastomer,7,,United States,Jackson,10.3168
SAMSUNG ,Smartwatch,Galaxy Classic 4 LTE,"Silver, Green","36,999","39,999",AMOLED Display,4.6,Elastomer,14,,United States,Memphis,2.256
SAMSUNG ,Smartwatch,Galaxy Active Steel 2 LTE,Brown,"30,990","34,490",AMOLED Display,4.1,Silicone,14,,United States,Memphis,23.96
SAMSUNG ,Smartwatch,Galaxy Active Steel 2,Black,"24,490","31,990",AMOLED Display,4.3,Silicone,14,,United States,Memphis,16.65
SAMSUNG ,Smartwatch,Galaxy Classic 4,Blue,"34,999","34,999",AMOLED Display,4.6,Silicone,14,,United States,Houston,2.8224
SAMSUNG ,Smartwatch,Galaxy Active 42mm,Black,"19,990","19,990",AMOLED Display,4.4,Elastomer,14,,United States,Houston,4.3368
SAMSUNG ,Smartwatch,Galaxy 44mm,Beige,"24,490","28,490",AMOLED Display,3.6,Silicone,14,,United States,Houston,12.5762
SAMSUNG ,Smartwatch,Galaxy LTE,Silver,"31,999","31,999",AMOLED Display,4.6,Elastomer,14,,United States,Houston,14.677
SAMSUNG ,Smartwatch,Gear Fit 2,Blue,"15,000","15,000",AMOLED Display,4.2,Silicone,7,,United States,Decatur,23.55
SAMSUNG ,Smartwatch,Gear Fit,Black,"7,999","16,860",AMOLED Display,3.9,Silicone,7,,United States,Decatur,13.348
SAMSUNG ,Smartwatch,Galaxy Active 2 Steel,Black,"24,490","31,990",AMOLED Display,4.4,Leather,14,,United States,San Francisco,-225.0976
SAMSUNG ,Smartwatch,Gear S2,"Silver, Blue","24,300","24,300",AMOLED Display,4.3,Elastomer,14,,United States,San Francisco,200.8638
SAMSUNG ,Smartwatch,Galaxy Active Steel,Blue,"29,990","34,490",AMOLED Display,4.1,Silicone,14,,United States,Durham,-28.9674
SAMSUNG ,Smartwatch,Gear Fit 2 Pro,"Red, Black","9,990","14,990",AMOLED Display,4.3,Silicone,7,,United States,Chicago,26.973
SAMSUNG ,Smartwatch,Gear Fit 2,"Pink, Blue","15,000","15,000",AMOLED Display,4.2,Silicone,7,,United States,Columbia,7.986
SAMSUNG ,Smartwatch,Gear 2,Black,"19,999","22,550",AMOLED Display,2.3,Silicone,14,,United States,Rochester,130.4913
SAMSUNG ,Smartwatch,Neo Gear 2,Black,"15,500","16,860",AMOLED Display,3.9,Rubber,7,,United States,Rochester,76.2624
SAMSUNG ,Smartwatch,Galaxy Active 46mm,Black,"19,990","19,990",AMOLED Display,4.4,Elastomer,14,,United States,Houston,1.917
SAMSUNG ,Smartwatch,Galaxy Watch LTE,Beige,"27,490","29,989",AMOLED Display,4.2,Silicone,14,,United States,Los Angeles,2.632
SAMSUNG ,Smartwatch,Galaxy 42,Grey,"21,989","25,990",AMOLED Display,4.6,Elastomer,14,,United States,Los Angeles,5.8604
SAMSUNG ,Smartwatch,Gear Live,Black,"15,900","15,900",AMOLED Display,4.2,Rubber,7,,United States,Los Angeles,31.4532
SAMSUNG ,Smartwatch,Gear Fit 2,"Blue, Black","15,000","15,000",AMOLED Display,4.2,Silicone,7,,United States,Minneapolis,60.356
SAMSUNG ,Smartwatch,Galaxy Watch 3,Black,"39,490","39,490",AMOLED Display,4.3,Leather,14,,United States,Minneapolis,60.392
SAMSUNG ,Smartwatch,Galaxy 42,Black,"24,989","25,990",AMOLED Display,4.6,Elastomer,14,,United States,Minneapolis,95.2
SAMSUNG ,Smartwatch,Gear S3 Frontier,Black,"22,990","28,500",AMOLED Display,4.3,Silicone,14,,United States,Portland,29.952
SAMSUNG ,Smartwatch,Gear Sport,Black,"15,999","22,990",AMOLED Display,3,Silicone,7,,United States,New York City,179.73
SAMSUNG ,Smartwatch,Gear S2 Classic,Black,"18,999","34,550",AMOLED Display,4.2,Leather,14,,United States,San Francisco,3.178
SAMSUNG ,Smartwatch,T-Mobile,Black,"21,990","22,990",AMOLED Display,4.3,Leather,14,,United States,Saint Paul,43.9956
SAMSUNG ,Smartwatch,Gear S2,Silver,"24,300","24,300",AMOLED Display,4.1,Elastomer,14,,United States,Chicago,-48.9549
SAMSUNG ,Smartwatch,R600NZBAXAR 600,Blue,"21,390","25,155",AMOLED Display,4.5,Rubber,14,,United States,Chicago,3.2616
SAMSUNG ,Smartwatch,Gear S2 Classic,Black,"18,999","30,000",AMOLED Display,4.2,Leather,14,,United States,Chicago,41.7186
SAMSUNG ,Smartwatch,Gear R730V S2,Grey,"18,532","22,498",AMOLED Display,4.6,Elastomer,14,,United States,Rochester,-10.4184
SAMSUNG ,Smartwatch,Galaxy Gear,Gold,"50,408","60,241",AMOLED Display,3.2,Rubber,14,,United States,Aurora,-104.673
SAMSUNG ,FitnessBand,Activity Tracker,Black,"13,201","15,885",PMOLED Display,4.2,Rubber,7,,United States,Aurora,12.7764
FOSSIL ,Smartwatch,Gen 5 Carlyle HR,Black,"15,995","22,995",AMOLED Display,4.2,Leather,2,,United States,Aurora,-2.1504
FOSSIL ,Smartwatch,Gen 5 Carlyle HR,"Brown, Grey","14,995","22,995",AMOLED Display,4.2,Leather,2,,United States,Charlotte,-13.6488
FOSSIL ,Smartwatch,Gen 5 Garrett HR,Silver,"15,995","22,995",AMOLED Display,4.1,Stainless Steel,2,,United States,Charlotte,-9.0944
FOSSIL ,Smartwatch,Gen 5 Julianna HR,Gold,"18,495","18,495",AMOLED Display,3.8,Stainless Steel,2,,United States,Charlotte,27.4856
FOSSIL ,Smartwatch,Gen 5 Julianna HR,Black,"18,995","22,995",AMOLED Display,4.3,Stainless Steel,2,,United States,Orland Park,3.034
FOSSIL ,Smartwatch,Latitude Hybrid HR,Black,"12,396","14,995",AMOLED Display,4.3,Stainless Steel,14,,United States,New York City,65.2064
FOSSIL ,Smartwatch,Gen 5 Garrett HR,Black,"14,995","22,995",AMOLED Display,4.1,Stainless Steel,2,,United States,Urbandale,4.0776
FOSSIL ,Smartwatch,FB-01 Hybrid HR,Black,"12,396","14,995",AMOLED Display,4,Silicone,14,,United States,Urbandale,16.98
FOSSIL ,Smartwatch,Gen 5 Julianna HR,Silver,"18,495","18,495",AMOLED Display,3.8,Stainless Steel,2,,United States,Columbus,322.1829
FOSSIL ,Smartwatch,Collider Hybrid,Black,"16,495","16,495",AMOLED Display,4,Silicone,14,,United States,Columbus,114.6285
FOSSIL ,Smartwatch,Collider Hybrid,"Brown, Grey","14,995","14,995",AMOLED Display,4,Silicone,14,,United States,Columbus,-99.2664
FOSSIL ,Smartwatch,Sadie Hybrid,Silver,"8,995","13,495",AMOLED Display,4,Stainless Steel,10,,United States,Columbus,12.5328
FOSSIL ,Smartwatch,FB-01 Hybrid HR,"Silver, Black","14,021","16,495",AMOLED Display,4,Stainless Steel,14,,United States,Seattle,2.1736
FOSSIL ,Smartwatch,Commuter,Black,"11,995","11,995",AMOLED Display,4.3,Leather,14,,United States,Bristol,86.25
FOSSIL ,Smartwatch,Latitude Hybrid HR,Grey,"13,196","16,495",AMOLED Display,4.3,Stainless Steel,14,,United States,Wilmington,-19.9184
FOSSIL ,Smartwatch,Sport,Multicolor,"17,995","17,995",AMOLED Display,3.9,Silicone,2,,United States,Wilmington,172.3384
FOSSIL ,Smartwatch,Charter Hybrid HR,Gold,"13,196","16,495",AMOLED Display,3.9,Leather,12,4,United States,Wilmington,30.432
FOSSIL ,Smartwatch,Carlie Hybrid,Gold,"13,495","13,495",AMOLED Display,4.6,Stainless Steel,12,,United States,Wilmington,12.9024
FOSSIL ,Smartwatch,Carlie,Beige,"11,995","11,995",AMOLED Display,4.8,Leather,10,,United States,Wilmington,74.8142
FOSSIL ,Smartwatch,Neutra Hybrid,Silver,"13,495","13,495",AMOLED Display,5,Stainless Steel,12,,United States,Houston,8.2156
FOSSIL ,Smartwatch,Q Venture,Blue,"19,999","21,995",AMOLED Display,3.8,Leather,1,54,United States,Bloomington,-14.081
FOSSIL ,Smartwatch,Jacqueline,Gold,"13,495","13,495",AMOLED Display,4.6,Leather,1,,United States,Phoenix,5.3898
FOSSIL ,Smartwatch,Q Neely,Black,"6,995","12,995",AMOLED Display,4.6,Leather,2,,United States,Phoenix,9.828
FOSSIL ,Smartwatch,FTW5018 Hybrid,Gold,"11,596","14,495",AMOLED Display,4.5,Stainless Steel,2,,United States,Los Angeles,9
FOSSIL ,Smartwatch,FTW5012 Hybrid,Brown,"9,097","12,995",AMOLED Display,4.6,Leather,2,,United States,Los Angeles,31.122
FOSSIL ,Smartwatch,Jacqueline Hybrid,Rose Gold,"10,796","13,495",AMOLED Display,4,Leather,12,,United States,Columbus,3.0861
FOSSIL ,Smartwatch,Q Annette,Gold,"6,995","13,495",AMOLED Display,4.6,Leather,1,,United States,Columbus,18.2592
FOSSIL ,Smartwatch,Gen 5 Julianna HR,Grey,"15,995","22,995",AMOLED Display,4.3,Stainless Steel,2,,United States,Columbus,13.604
FOSSIL ,Smartwatch,FTW6007,Brown,"19,995","19,995",AMOLED Display,4.1,Leather,2,,United States,Roseville,27.9344
FOSSIL ,Smartwatch,Gen 5E,"Black, Silver ","18,495","18,495",AMOLED Display,3.8,Stainless Steel,1,,United States,Roseville,3.4357
FOSSIL ,Smartwatch,Neutra Hybrid,"Brown, Black","11,995","11,995",AMOLED Display,5,Leather,12,,United States,Roseville,22.458
FOSSIL ,Smartwatch,Gen 5 Julianna HR,Blue,"15,995","22,995",AMOLED Display,4.3,Stainless Steel,2,,United States,Roseville,12.0978
FOSSIL ,Smartwatch,FTW1151 Hybrid,Gold,"8,995","11,995",AMOLED Display,4.3,Leather,2,,United States,Roseville,25.4384
FOSSIL ,Smartwatch,Barstow Hybrid,Brown,"8,995","11,995",AMOLED Display,4.6,Leather,12,,United States,Roseville,13.4865
FOSSIL ,Smartwatch,Wander RG,Black,"18,995","18,995",AMOLED Display,4,Silicone,5,,United States,Roseville,34.4232
FOSSIL ,Smartwatch,Charter Hybrid HR,Black,"14,021","16,495",AMOLED Display,3.9,Leather,12,6,United States,Philadelphia,29.372
FOSSIL ,Smartwatch,Q Wander,Gold,"19,995","19,995",AMOLED Display,4,Stainless Steel,1,,United States,San Francisco,5.1184
FOSSIL ,Smartwatch,Q Founder,Silver,"19,995","19,995",AMOLED Display,4.2,Stainless Steel,1,,United States,San Francisco,36.9873
FOSSIL ,Smartwatch,Garrett Hybrid,Black,"6,995","11,995",AMOLED Display,3.7,Stainless Steel,12,,United States,San Francisco,1.512
FOSSIL ,Smartwatch,Q Explorist,Black,"19,995","19,995",AMOLED Display,4.4,Leather,2,,United States,Independence,4.0995
FOSSIL ,Smartwatch,Marshall,Grey,"18,995","18,995",AMOLED Display,4,Stainless Steel,1,,United States,Pasadena,165.7176
FOSSIL ,Smartwatch,Gen 3 Q Venture,"Black, Gold","15,396","21,995",AMOLED Display,4.3,Stainless Steel,1,7,United States,Newark,15.552
FOSSIL ,Smartwatch,FTW4003,Brown,"19,995","19,995",AMOLED Display,3.1,Leather,2,,United States,Franklin,4.5657
FOSSIL ,Smartwatch,Gen 5E,"Grey, Multicolor","18,495","18,495",AMOLED Display,4.6,Stainless Steel,1,,United States,Franklin,4.2816
FOSSIL ,Smartwatch,Sport 43,Black,"9,995","17,995",AMOLED Display,4,Silicone,2,,United States,Franklin,-67.6704
FOSSIL ,Smartwatch,The Carlyle HR,Black,"25,995","25,995",AMOLED Display,4.2,Leather,14,,United States,Franklin,6.4864
FOSSIL ,Smartwatch,Garrett HR,Gold,"15,995","22,995",AMOLED Display,4.1,Stainless Steel,14,,United States,Scottsdale,-29.9178
FOSSIL ,Smartwatch,4th Gen Explorist HR,Grey,"10,998","21,995",AMOLED Display,3.9,Stainless Steel,2,600,United States,Scottsdale,29.0325
FOSSIL ,Smartwatch,Sport,Red,"17,995","17,995",AMOLED Display,4.6,Silicone,2,,United States,San Jose,41.2237
FOSSIL ,Smartwatch,FTW6001,Gold,"21,995","21,995",AMOLED Display,4.2,Stainless Steel,2,,United States,San Jose,429.5772
FOSSIL ,Smartwatch,Q Founder 2.0,Black,"19,995","19,995",AMOLED Display,4.2,Stainless Steel,1,61,United States,San Jose,-99.1764
FOSSIL ,Smartwatch,Cameron Hybrid,Black,"8,995","13,495",AMOLED Display,4.6,Stainless Steel,12,,United States,Seattle,1.4742
FOSSIL ,Smartwatch,Gen 3 Q Explorist,Black,"15,749","19,995",AMOLED Display,4.1,Stainless Steel,2,,United States,Seattle,0.8388
FOSSIL ,Smartwatch,4th Gen Venture HR,Black,"17,596","21,995",AMOLED Display,3.9,Stainless Steel,14,46,United States,Edmond,-32.6366
FOSSIL ,Smartwatch,FTW6005,Black,"19,995","19,995",AMOLED Display,3.8,Stainless Steel,2,,United States,Edmond,0
FOSSIL ,Smartwatch,Marshall,Black,"19,995","19,995",AMOLED Display,4.1,Stainless Steel,1,,United States,Los Angeles,11.4296
FOSSIL ,Smartwatch,Garrett Hybrid,Brown,"11,995","11,995",AMOLED Display,3.7,Leather,12,,United States,Philadelphia,250.305
FOSSIL ,Smartwatch,4th Gen Venture HR,Silver,"10,997","21,995",AMOLED Display,3.9,Stainless Steel,14,46,United States,Carlsbad,32.396
FOSSIL ,Smartwatch,Marshall,Blue,"19,995","19,995",AMOLED Display,4.1,Stainless Steel,1,,United States,Seattle,1.4456
FOSSIL ,Smartwatch,FTW1161 Hybrid,Gold,"8,995","14,495",AMOLED Display,4.3,Stainless Steel,2,,United States,San Antonio,22.2352
FOSSIL ,Smartwatch,FTW1142 Q Hybrid,Silver,"9,796","13,995",AMOLED Display,3.7,Stainless Steel,2,,United States,San Antonio,2.6568
FOSSIL ,Smartwatch,Jacqueline Hybrid,Navy ,"8,995","13,495",AMOLED Display,4,Leather,12,,United States,San Antonio,9.6192
FOSSIL ,Smartwatch,Gen 3 Q Explorist,Blue,"15,034","15,034",AMOLED Display,4.3,Stainless Steel,2,,United States,San Antonio,303.3408
FOSSIL ,Smartwatch,Gen 5 Julianna HR,White,"14,995","22,995",AMOLED Display,4.3,Stainless Steel,2,,United States,San Antonio,10.764
FOSSIL ,Smartwatch,Cameron Hybrid Smartwatch,Blue,"13,495","13,495",AMOLED Display,4.6,Leather,12,,United States,San Antonio,41.5104
FOSSIL ,Smartwatch,Gen 3 Q Venture,Silver,"19,995","19,995",AMOLED Display,4.3,Stainless Steel,1,78,United States,San Antonio,1228.1787
FOSSIL ,Smartwatch,Jacqueline Hybrid,Black,"11,995","11,995",AMOLED Display,4.6,Leather,12,,United States,Los Angeles,-34.392
FOSSIL ,Smartwatch,Q Annette,Silver,"6,995","11,995",AMOLED Display,4.6,Silicone,1,,United States,Los Angeles,53.997
FOSSIL ,Smartwatch,Sport 43,Blue,"9,995","17,995",AMOLED Display,4,Silicone,2,,United States,Los Angeles,32.392
FOSSIL ,Smartwatch,Sport 41,"Blue, Black, Gray","17,995","17,995",AMOLED Display,4,Silicone,2,55,United States,Chicago,18.6093
FOSSIL ,Smartwatch,Gen 3 Q Explorist,Grey,"21,995","21,995",AMOLED Display,4.4,Stainless Steel,2,,United States,Chicago,58.4962
FOSSIL ,Smartwatch,Marshall,Silver,"18,995","18,995",AMOLED Display,4,Stainless Steel,1,,United States,Houston,3.3544
FOSSIL ,Smartwatch,Q Jacqueline,Gold,"13,495","13,495",AMOLED Display,4.4,Silicone,1,,United States,Newark,12.6927
FOSSIL ,Smartwatch,Garrett,Brown,"8,995","11,995",AMOLED Display,3.7,Leather,1,,United States,Newark,4.4312
FOSSIL ,Smartwatch,Machine Hybrid,"Silver, Brown","11,995","11,995",AMOLED Display,4.6,Stainless Steel,12,,United States,New York City,-3.5712
FOSSIL ,Smartwatch,Sloan HR,Black,"24,495","24,495",AMOLED Display,4.1,Silicone,14,,United States,Decatur,-16.38
FOSSIL ,Smartwatch,Sloan HR,Blue,"21,995","21,995",AMOLED Display,4.1,Silicone,14,,United States,Decatur,3.4686
FOSSIL ,Smartwatch,Garrett Hybrid,Silver,"10,496","14,995",AMOLED Display,3.7,Stainless Steel,12,,United States,Monroe,15.0416
FOSSIL ,Smartwatch,4th Gen Venture HR,Black,"13,195","21,995",AMOLED Display,3.9,Stainless Steel,14,46,United States,Monroe,327.506
FOSSIL ,Smartwatch,Gen 3 Q Explorist,Silver,"3,999","19,995",AMOLED Display,4.2,Stainless Steel,2,,United States,Monroe,34.2848
FOSSIL ,Smartwatch,Charter Hybrid HR,Silver,"12,396","14,995",AMOLED Display,3.9,Leather,12,6,United States,Fairfield,-85.2384
FOSSIL ,Smartwatch,Q Wander,Silver,"11,997","19,995",AMOLED Display,4.1,Stainless Steel,1,,United States,Los Angeles,14.7582
FOSSIL ,Smartwatch,Neely,White,"8,995","13,495",AMOLED Display,4.7,Leather,1,,France ,Lyon,52.7934
FOSSIL ,Smartwatch,Rose Gold Smart,Rose Gold ,"21,995","21,995",AMOLED Display,4.6,Stainless Steel,3,,France ,Lyon,55.896
FOSSIL ,Smartwatch,Q Founder 2.0,Blue,"11,397","18,995",AMOLED Display,4.1,Stainless Steel,1,61,France ,Lyon,41.535
FOSSIL ,Smartwatch,FTW1159 Hybrid,Gold,"8,995","12,995",AMOLED Display,5,Stainless Steel,2,,France ,Lyon,-33.484
FOSSIL ,Smartwatch,Q Wander,Silver,"3,799","18,995",AMOLED Display,4,Stainless Steel,1,,France ,Lyon,1.1996
FOSSIL ,Smartwatch,FTW4010 Gold HR,Gold,"15,995","15,995",AMOLED Display,4.8,Stainless Steel,6,,France ,Lyon,-2.0568
FOSSIL ,Smartwatch,FTW6009 Black HR,Black,"13,995","13,995",AMOLED Display,4.1,Leather,14,,France ,Lyon,19.824
FOSSIL ,Smartwatch,Eleanor Hybrid,"Brown, Gold","6,995","11,995",AMOLED Display,4.6,Stainless Steel,12,,France ,Lyon,204.0714
FOSSIL ,Smartwatch,FTW1146 Q Hybrid,Gold,"11,995","11,995",AMOLED Display,4.6,Leather,2,,France ,Lyon,12.993
FOSSIL ,Smartwatch,Jacqueline Hybrid,Blue,"6,995","11,995",AMOLED Display,4.6,Leather,12,,France ,Lyon,9.8784
FOSSIL ,Smartwatch,FTW20013 Q,Black,"21,495","21,495",AMOLED Display,4.6,Leather,2,,France ,Lyon,14.4354
FOSSIL ,Smartwatch,FTW5016 Hybrid,Silver,"6,995","14,495",AMOLED Display,4.6,Stainless Steel,2,,France ,Lyon,251.8911
FOSSIL ,Smartwatch,FTW5017 Hybrid,Gold,"14,495","14,495",AMOLED Display,4.6,Stainless Steel,2,,France ,Lyon,6.2208
FOSSIL ,Smartwatch,FTW1141 Q Hybrid,Silver,"6,995","11,995",AMOLED Display,4.6,Stainless Steel,2,,France ,Lyon,1.375
FOSSIL ,Smartwatch,Sport,Black,"17,995","17,995",AMOLED Display,4.6,Silicone,2,,France ,Lyon,55.936
FOSSIL ,Smartwatch,FTW5003 Hybrid,Gold,"12,995","12,995",AMOLED Display,4.6,Stainless Steel,2,,France ,Lyon,5.256
FOSSIL ,Smartwatch,Jacqueline Hybrid,Silver,"13,495","13,495",AMOLED Display,4.6,Leather,12,,France ,Lyon,4.4604
FOSSIL ,Smartwatch,Commuter Hybrid,Brown,"8,995","11,995",AMOLED Display,4.6,Leather,12,,France ,Lyon,-12.075
FOSSIL ,Smartwatch,Q MACHINE,Grey,"6,995","6,995",AMOLED Display,4.6,Stainless Steel,1,,France ,Lyon,-16.884
FOSSIL ,Smartwatch,FB-01 Hybrid,"Blue, Silver","8,995","13,495",AMOLED Display,3.9,Silicone,14,,France ,Lyon,2.8884
FOSSIL ,Smartwatch,Q Jacqueline,Silver,"8,995","13,495",AMOLED Display,4.4,Silicone,1,,France ,Lyon,3.6288
FOSSIL ,Smartwatch,Q GRANT,Grey,"6,995","6,995",AMOLED Display,4.6,Stainless Steel,7,,France ,Lyon,52.532
FOSSIL ,Smartwatch,FTW2114 Q,Black,"18,995","18,995",AMOLED Display,4.6,Stainless Steel,2,,France ,Lyon,8.2616
FOSSIL ,Smartwatch,FTW1140 Q Hybrid,Blue,"6,995","13,995",AMOLED Display,3.8,Stainless Steel,2,,France ,Lyon,4.5612
FOSSIL ,Smartwatch,Garrett HR,Grey,"14,995","22,995",AMOLED Display,4.1,Leather,14,,France ,Lyon,122.3856
FOSSIL ,Smartwatch,FTW1134 Q Hybrid,Gray,"11,995","11,995",AMOLED Display,4.6,Stainless Steel,2,,France ,Lyon,-337.806
FOSSIL ,Smartwatch,Carlie Hybrid,Black,"6,995","11,995",AMOLED Display,4.6,Stainless Steel,12,,France ,Lyon,18.0648
FOSSIL ,Smartwatch,Q Control,multicolor,"15,995","15,995",AMOLED Display,4.3,Silicone,1,,France ,Lyon,-54.5958
FOSSIL ,Smartwatch,Q Control,Brown,"15,995","15,995",AMOLED Display,4.3,Silicone,1,,France ,Lyon,-100.7944
FOSSIL ,Smartwatch,FTW1144 Q Hybrid,Black,"8,995","13,995",AMOLED Display,4.6,Leather,2,,France ,Lyon,-36.253
FOSSIL ,Smartwatch,Rose Gold HR,Rose Gold ,"21,995","21,995",AMOLED Display,2.8,Stainless Steel,3,,France ,Lyon,-219.1644
FOSSIL ,Smartwatch,5th Gen Julianna,Black ,"15,995","22,995",AMOLED Display,4.6,Stainless Steel,1,,France ,Lyon,78.7671
FOSSIL ,Smartwatch,Q Venture,White ,"4,399","21,995",AMOLED Display,3.8,Leather,1,46,France ,Lyon,22.3776
FOSSIL ,Smartwatch,Q Machine,Black,"10,796","13,495",AMOLED Display,4.6,Stainless Steel,1,,France ,Lyon,14.3952
FOSSIL ,Smartwatch,FTW1145 Q Hybrid,Gray,"6,995","13,995",AMOLED Display,4.6,Leather,2,,France ,Lyon,13.9152
FOSSIL ,Smartwatch,FTW5011 Hybrid,Black,"8,995","14,495",AMOLED Display,4.8,Leather,2,,France ,Lyon,6.9372
FOSSIL ,Smartwatch,FTW2120SET Q,Gray,"23,995","23,995",AMOLED Display,4.6,Leather,2,,France ,Lyon,2.0592
FOSSIL ,Smartwatch,FTW1136 Q Hybrid,Blue,"11,995","11,995",AMOLED Display,4.6,Leather,2,,France ,Lyon,-6.049
FOSSIL ,Smartwatch,Q Venture,Beige,"15,995","15,995",AMOLED Display,4.6,Leather,1,46,France ,Lyon,0.2592
FOSSIL ,Smartwatch,FTW2115 Q Watch,Red,"18,995","18,995",AMOLED Display,4.6,Stainless Steel,2,,France ,Lyon,211.4955
FOSSIL ,Smartwatch,FTW6010 Pink HR,Pink,"15,995","15,995",AMOLED Display,4.4,Stainless Steel,14,,France ,Lyon,105.6456
FOSSIL ,Smartwatch,Q ACTIVIST,Brown,"6,995","6,995",AMOLED Display,3,leather,1,,France ,Lyon,1.764
FOSSIL ,Smartwatch,Carlie Hybrid,Silver,"8,995","13,495",AMOLED Display,4.6,Stainless Steel,12,,France ,Lyon,213.6888
FOSSIL ,Smartwatch,FTW1154 Hybrid,Black,"8,995","12,995",AMOLED Display,4.3,Stainless Steel,2,,France ,Lyon,10.7604
FOSSIL ,Smartwatch,FTW5015 Hybrid,Blue,"6,995","14,495",AMOLED Display,3,Stainless Steel,2,,France ,Lyon,12.4416
FOSSIL ,Smartwatch,Sport,Grey,"17,995","17,995",AMOLED Display,4.6,Silicone,2,,France ,Lyon,70.5544
FOSSIL ,Smartwatch,Sloan HR,Gold,"21,995","21,995",AMOLED Display,4.1,Silicone,14,,France ,Lyon,12
FOSSIL ,Smartwatch,Q GRANT,Black,"6,995","6,995",AMOLED Display,4.6,Stainless Steel,7,,France ,Lyon,-32.32
FOSSIL ,Smartwatch,Sport 41,"Red, Green","9,995","17,995",AMOLED Display,4,Silicone,2,,France ,Lyon,0.5244
FOSSIL ,Smartwatch,FTW6006 Gold HR,Gold,"21,995","21,995",AMOLED Display,3.7,Stainless Steel,6,,France ,Lyon,140.686
APPLE,Smartwatch,Series 3 GPS - 42 mm Space Grey Aluminium Case,Black,"18,900","23,900",OLED Retina Display,4.6,Aluminium,1,,France ,Lyon,7.56
APPLE,Smartwatch,SE 44 mm Space Grey Aluminium Case,Black,"30,400","32,900",OLED Retina Display,4.7,Aluminium,1,,France ,Lyon,61.389
APPLE,Smartwatch,Series 3 GPS - 38 mm Space Grey Aluminium Case,Black,"16,900","20,900",OLED Retina Display,4.6,Aluminium,1,,France ,Lyon,3.3408
APPLE,Smartwatch,SE GPS + Cellular 44 mm Aluminium Case,Black,"36,900","36,900",OLED Retina Display,4.6,Aluminium,1,,France ,Lyon,3.6288
APPLE,Smartwatch,SE GPS + Cellular 40 mm Space Grey Aluminium Case,Charcoal,"31,400","33,900",OLED Retina Display,4.6,Aluminium,1,,France ,Lyon,2.7036
APPLE,Smartwatch,SE 40 mm Space Grey Aluminium Case,"Black, Pink, White","27,400","29,900",OLED Retina Display,4.7,Aluminium,1,,France ,Lyon,9.1314
APPLE,Smartwatch,Series 6 GPS + Cellular 40 mm Red Aluminium Case,Red,"45,690","49,900",OLED Retina Display,4.5,Aluminium,1,,France ,Lyon,27.69
APPLE,Smartwatch,SE 44 mm Gold Aluminium Case,Pink Sand,"30,400","32,900",OLED Retina Display,4.7,Aluminium,1,,France ,Lyon,7.85
APPLE,Smartwatch,SE GPS + Cellular 40 mm Gold Aluminium Case,Plum,"31,400","33,900",OLED Retina Display,4.6,Aluminium,1,,France ,Lyon,239.9058
APPLE,Smartwatch,SE GPS + Cellular 40 mm Aluminium Case,Black,"33,900","33,900",OLED Retina Display,4.6,Aluminium,1,,France ,Lyon,133.8624
APPLE,Smartwatch,Series 6 GPS 40 mm Silver Aluminium Case,White,"37,490","40,900",OLED Retina Display,4.5,Aluminium,1,,France ,Lyon,-35.6174
APPLE,Smartwatch,Series 6 GPS + Cellular 40 mm Blue Aluminium Case,Deep Navy,"45,690","49,900",OLED Retina Display,4.5,Aluminium,1,,France ,Lyon,3.6432
APPLE,Smartwatch,Series 6 GPS + Cellular 40 mm Graphite Stainless Steel Case,Graphite Milanese,"67,900","73,900",OLED Retina Display,4.5,Stainless Steel,1,,France ,Lyon,0.91
APPLE,Smartwatch,Series 6 GPS 44 mm Red Aluminium Case,Red,"40,190","43,900",OLED Retina Display,4.5,Aluminium,1,,France ,Lyon,52.4979
APPLE,Smartwatch,SE GPS 44 mm Aluminium Case,Black,"32,900","32,900",OLED Retina Display,4.7,Aluminium,1,,France ,Lyon,31.587
APPLE,Smartwatch,Series 6 GPS + Cellular 40 mm Space Grey Aluminium Case,black,"45,690","49,900",OLED Retina Display,4.5,Aluminium,1,,France ,Lyon,7.9527
APPLE,Smartwatch,Series 6 GPS + Cellular 40 mm Space Grey Aluminium Case,White,"69,900","69,900",OLED Retina Display,4.2,Aluminium,1,,France ,Lyon,156.751
APPLE,Smartwatch,Series 5 GPS + Cellular 40 mm Space Black Stainless Steel Case,Black Milanese,"69,900","69,900",OLED Retina Display,4.6,Stainless Steel,1,,France ,Lyon,5.3392
APPLE,Smartwatch,Series 5 GPS + Cellular 44 mm Gold Stainless Steel Case,Gold Milanese,"73,900","73,900",OLED Retina Display,4.2,Stainless Steel,1,,France ,Lyon,290.3016
APPLE,Smartwatch,Series 6 GPS 44 mm Blue Aluminium Case,Deep Navy,"43,900","43,900",OLED Retina Display,4.5,Aluminium,1,,France ,Lyon,30.7818
APPLE,Smartwatch,Series 6 GPS + Cellular 44 mm Silver Aluminium Case,White,"48,490","52,900",OLED Retina Display,4.5,Aluminium,1,,France ,Lyon,0
APPLE,Smartwatch,Series 6 GPS + Cellular 40 mm Gold Aluminium Case,Pink Sand,"45,690","49,900",OLED Retina Display,4.5,Aluminium,1,,France ,Lyon,9.3312
APPLE,Smartwatch,Series 6 GPS + Cellular 40 mm Gold Stainless Steel Case,Cyprus Green,"69,900","69,900",OLED Retina Display,4.5,Stainless Steel,1,,France ,Lyon,8.34
APPLE,Smartwatch,Series 5 GPS + Cellular 40 mm Stainless Steel Case,White,"65,900","65,900",OLED Retina Display,3.4,Stainless Steel,1,,France ,Lyon,0
APPLE,Smartwatch,Series 5 GPS + Cellular 44 mm Gold Aluminium Case,Pink Sand,"52,900","52,900",OLED Retina Display,4.7,Aluminium,1,,France ,Lyon,4.4712
APPLE,Smartwatch,Series 5 GPS + Cellular 44 mm Space Grey Aluminium Case,Black,"52,900","52,900",OLED Retina Display,4.7,Aluminium,1,,France ,Lyon,52.6344
APPLE,Smartwatch,Series 2 - 38 mm Stainless Steel Case,Saddle Brown,"56,900","56,900",OLED Retina Display,4.6,Stainless Steel,1,,France ,Lyon,2.1476
APPLE,Smartwatch,Series 2 - 42 mm Stainless Steel Case,White,"50,400","50,400",OLED Retina Display,4.7,Stainless Steel,1,,France ,Lyon,67.1139
APPLE,Smartwatch,Series 2 - 42 mm Space Black Stainless Steel Case,Space Black,"50,400","50,400",OLED Retina Display,4.7,Stainless Steel,1,,France ,Lyon,9.7812
APPLE,Smartwatch,Series 6 GPS + Cellular 40 mm Red Aluminium Case,Red,"45,690","49,900",OLED Retina Display,4.5,Aluminium,1,,France ,Lyon,1.0166
APPLE,Smartwatch,Series 5 GPS + Cellular 40 mm Space Grey Aluminium Case,Black,"39,990","49,900",OLED Retina Display,4.5,Aluminium,1,,France ,Lyon,21.5397
APPLE,Smartwatch,Series 6 GPS + Cellular 40 mm Silver Aluminium Case,White,"45,690","49,900",OLED Retina Display,4.5,Aluminium,1,,France ,Lyon,-7.7748
APPLE,Smartwatch,Series 6 GPS + Cellular 40 mm Gold Stainless Steel Case,Gold Milanese,"67,900","73,900",OLED Retina Display,4.5,Stainless Steel,1,,France ,Lyon,-300.735
APPLE,Smartwatch,SE GPS 40 mm Aluminium Case,Black,"29,900","29,900",OLED Retina Display,4.7,Aluminium,1,,France ,Lyon,39.55
APPLE,Smartwatch,Series 5 GPS + Cellular 44 mm Stainless Steel Case,Stainless Steel Milanese,"73,900","73,900",OLED Retina Display,4.2,Stainless Steel,1,,France ,Lyon,157.3632
APPLE,Smartwatch,Series 5 GPS + Cellular 44 mm Gold Stainless Steel Case,Stone,"69,900","69,900",OLED Retina Display,4.2,Stainless Steel,1,,France ,Lyon,81.432
APPLE,Smartwatch,Series 5 GPS 40 mm Silver Aluminium Case,White,"40,900","40,900",OLED Retina Display,4.7,Aluminium,1,,France ,Lyon,411.7365
APPLE,Smartwatch,Series 6 GPS 44 mm Blue Aluminium Case,Deep Navy,"43,900","43,900",OLED Retina Display,4.5,Aluminium,1,,France ,Lyon,158.7519
APPLE,Smartwatch,Series 7 GPS 45 mm,Black,"44,900","44,900",OLED Retina Display,5,Silicone,1,,France ,Lyon,95.4612
APPLE,Smartwatch,SE GPS + Cellular 44 mm Space Grey Aluminium Case,Charcoal,"33,900","36,900",OLED Retina Display,4.6,Aluminium,1,,France ,Lyon,7.3206
APPLE,Smartwatch,SE GPS + Cellular 40 mm Space Grey Aluminium Case,Black,"31,400","33,900",OLED Retina Display,4.6,Aluminium,1,,France ,Lyon,35.3626
APPLE,Smartwatch,Series 6 GPS + Cellular 44 mm Space Grey Aluminium Case,Black,"48,490","52,900",OLED Retina Display,4.5,Aluminium,1,,France ,Lyon,36.813
APPLE,Smartwatch,Series 7 GPS + Cellular 41 mm Aluminium,Black,"50,900","50,900",OLED Retina Display,4.6,Aluminium,1,,France ,Lyon,7.0218
APPLE,Smartwatch,"Series 7 GPS + Cellular, 45 mm Aluminium",Black,"53,900","53,900",OLED Retina Display,4.6,Aluminium,1,,France ,Lyon,364.4595
APPLE,Smartwatch,SE GPS + Cellular 40 mm Silver Aluminium Case,White,"31,400","33,900",OLED Retina Display,4.6,Aluminium,1,,France ,Lyon,5.1294
APPLE,Smartwatch,Series 6 GPS 40 mm Blue Aluminium Case,Deep Navy,"37,490","40,900",OLED Retina Display,4.5,Aluminium,1,,France ,Lyon,20.7808
APPLE,Smartwatch,SE GPS + Cellular 40 mm Silver Aluminium Case,Deep Navy,"31,400","33,900",OLED Retina Display,4.6,Aluminium,1,,France ,Lyon,-0.8558
APPLE,Smartwatch,Series 6 GPS 40 mm Gold Aluminium Case,Pink Sand,"37,490","40,900",OLED Retina Display,4.5,Aluminium,1,,France ,Lyon,4.9271
APPLE,Smartwatch,SE GPS + Cellular 44 mm Space Grey Aluminium Case,Black,"33,900","36,900",OLED Retina Display,4.6,Aluminium,1,,France ,Lyon,0
APPLE,Smartwatch,SE GPS + Cellular 40 mm Gold Aluminium Case,Pink Sand,"31,400","33,900",OLED Retina Display,4.6,Aluminium,1,,France ,Lyon,0.882
APPLE,Smartwatch,Series 6 GPS + Cellular 44 mm Red Aluminium Case,Red,"48,490","52,900",OLED Retina Display,4.5,Aluminium,1,,France ,Lyon,-121.8735
APPLE,Smartwatch,Series 6 GPS 40 mm Space Grey Aluminium Case,Black,"37,490","40,900",OLED Retina Display,4.5,Aluminium,1,,France ,Lyon,1.9926
APPLE,Smartwatch,Series 6 GPS + Cellular 44 mm Silver Stainless Steel Case,Silver Milanese,"77,900","77,900",OLED Retina Display,4.5,Stainless Steel,1,,France ,Lyon,5.1012
APPLE,Smartwatch,Nike Series 5 GPS + Cellular 44 mm,Black,"52,900","52,900",OLED Retina Display,4.7,Silicone,1,,France ,Lyon,-3.9624
APPLE,Smartwatch,Series 6 GPS + Cellular 44 mm Blue Aluminium Case,Deep Navy,"48,490","52,900",OLED Retina Display,4.5,Aluminium,1,,France ,Lyon,2.598
APPLE,Smartwatch,SE GPS + Cellular 40 mm Gold Aluminium Case,Silver Milanese,"67,900","73,900",OLED Retina Display,4.5,Aluminium,1,,France ,Lyon,23.028
APPLE,Smartwatch,SE GPS + Cellular 44 mm Gold Aluminium Case,Pink Sand,"33,900","36,900",OLED Retina Display,4.6,Aluminium,1,,France ,Lyon,5.715
APPLE,Smartwatch,SE GPS + Cellular 44 mm Silver Aluminium Case,Deep Navy,"33,900","36,900",OLED Retina Display,4.6,Aluminium,1,,France ,Lyon,2.7166
APPLE,Smartwatch,Series 6 GPS 44 mm Space Grey Aluminium Case,Black,"40,190","43,900",OLED Retina Display,4.5,Aluminium,1,,France ,Lyon,38.025
APPLE,Smartwatch,SE GPS + Cellular 44 mm Silver Aluminium Case,White,"33,900","36,900",OLED Retina Display,4.6,Aluminium,1,,France ,Lyon,1.0842
APPLE,Smartwatch,Series 6 GPS 44 mm Silver Aluminium Case,White,"43,900","43,900",OLED Retina Display,4.5,Aluminium,1,,France ,Lyon,6.704
APPLE,Smartwatch,Series 6 GPS + Cellular 44 mm Graphite Stainless Steel Case,Black,"67,900","73,900",OLED Retina Display,4.5,Stainless Steel,1,,France ,Lyon,10.4496
APPLE,Smartwatch,SE GPS + Cellular 44 mm Gold Aluminium Case,Plum,"33,900","36,900",OLED Retina Display,4.6,Aluminium,1,,France ,Lyon,8.6715
APPLE,Smartwatch,SE GPS + Cellular 44 mm Gold Aluminium Case,Pink Sand,"43,900","43,900",OLED Retina Display,4.5,Aluminium,1,,France ,Lyon,12.4416
APPLE,Smartwatch,Series 5 GPS + Cellular 44 mm Space Black Stainless Steel Case,Black,"69,900","69,900",OLED Retina Display,4.2,Stainless Steel,1,,France ,Lyon,3919.9888
APPLE,Smartwatch,42 mm White Ceramic Case with Cloud Sport,Cloud,"1,14,900","1,14,900",OLED Retina Display,4.7,Nylon,1,,France ,Lyon,647.892
APPLE,Smartwatch,Series 7 GPS 41 mm Aluminium Case,Black,"41,900","41,900",OLED Retina Display,5,Aluminium,1,,United Kingdom,Manchester,28.755
APPLE,Smartwatch,38 mm Space Black Stainless Steel Case,Black,"48,900","48,900",OLED Retina Display,4.6,Stainless Steel,1,,United Kingdom,Manchester,0.5299
APPLE,Smartwatch,"Series 7 GPS + Cellular, 45 mm Stainless Steel",Black,"77,900","77,900",OLED Retina Display,4.6,Stainless Steel,1,,United Kingdom,Manchester,9.1296
APPLE,Smartwatch,Sport 42 mm Space Grey Aluminium Case,Black,"29,900","29,900",OLED Retina Display,4.6,Aluminium,1,,United Kingdom,Manchester,-935.9595
APPLE,Smartwatch,"Series 7 GPS + Cellular, 45 mm Stainless Steel",Black,"73,900","73,900",OLED Retina Display,4.6,Stainless Steel,1,,United Kingdom,Manchester,-7.48
APPLE,Smartwatch,8 mm Stainless Steel Case,Milanese,"56,900","56,900",OLED Retina Display,4.6,Stainless Steel,1,,United Kingdom,Manchester,7.0218
APPLE,Smartwatch,"Series 7 GPS + Cellular, 41 mm Stainless Steel",Black,"73,900","73,900",OLED Retina Display,4.6,Stainless Steel,1,,United Kingdom,Manchester,17.1828
APPLE,Smartwatch,42 mm Black Stainless Steel Case with Link Bracelet,Black,"79,900","79,900",OLED Retina Display,4.6,Stainless Steel,1,,United Kingdom,Manchester,4.2624
APPLE,Smartwatch,42 mm Space Gray Aluminium,Black Woven,"29,900","29,900",OLED Retina Display,4.5,Aluminium,1,,United Kingdom,Manchester,24.858
APPLE,Smartwatch,Series 1 - 38 mm Silver Aluminium Case,White,"21,900","21,900",OLED Retina Display,4.6,Aluminium,1,,United Kingdom,Manchester,0.7392
APPLE,Smartwatch,Series 3 GPS + Cellular- 42 mm Gray Ceramic Case,Black,"1,22,090","1,22,090",OLED Retina Display,4.6,Nylon,1,,United Kingdom,Manchester,-5.784
APPLE,Smartwatch,42 mm Stainless Steel Case,Leather,"60,900","60,900",OLED Retina Display,4.5,Stainless Steel,1,,United Kingdom,Manchester,61.389
APPLE,Smartwatch,Series 1 - 42 mm Gold Aluminium Case,Cocoa,"25,900","25,900",OLED Retina Display,4.6,Aluminium,1,,United Kingdom,Manchester,9.3296
APPLE,Smartwatch,2 - 42 mm Silver Aluminium Case,Pearl Woven,"34,900","34,900",OLED Retina Display,4.7,Aluminium,1,,United Kingdom,Manchester,4.2666
APPLE,Smartwatch,Nike+ GPS - 42 mm Space Gray Aluminium Case,Black,"32,380","32,380",OLED Retina Display,4.6,Aluminium,1,,United Kingdom,Manchester,16.6764
APPLE,Smartwatch,Series 3 GPS + Cellular- 42 mm White Ceramic Case,Black,"1,22,090","1,22,090",OLED Retina Display,4.6,Nylon,1,,United Kingdom,Manchester,143.04
APPLE,Smartwatch,38 mm Stainless Steel Stainless Steel Case with Modern Buckle,Black,"64,900","64,900",OLED Retina Display,4.3,Stainless Steel,1,,United Kingdom,Manchester,2.999
APPLE,Smartwatch,8 mm Stainless Steel Case,Saddle Brown,"56,900","56,900",OLED Retina Display,4.3,Stainless Steel,1,,United Kingdom,Manchester,67.4424
APPLE,Smartwatch,series 2 - 38 mm Stainless Steel Case,Blue Modern,"64,900","64,900",OLED Retina Display,4.6,Stainless Steel,1,,United Kingdom,Manchester,4.1391
APPLE,Smartwatch,Nike+ - 38 mm Space Gray Aluminium Case,Black,"31,600","31,600",OLED Retina Display,4.5,Aluminium,1,,United Kingdom,Manchester,6.2856
GARMIN ,Smartwatch,Venu Sq - Music Edition,"Multicolor, White, Brown","20,990","25,990",AMOLED Display,4.3,Silicone,7,,United Kingdom,Manchester,23.6529
GARMIN ,Smartwatch,Venu Sq,"Grey, White","15,990","20,990",AMOLED Display,4.2,Silicone,7,,United Kingdom,Manchester,20.1207
GARMIN ,Smartwatch,Garmin Instinct Tactical,"Black, Brown","19,990","31,490",AMOLED Display,4.7,Silicone,7,,United Kingdom,Manchester,6.2208
GARMIN ,Smartwatch,Venu,Blue,"31,990","39,990",AMOLED Display,4,Silicone,7,,United Kingdom,Manchester,213.6888
GARMIN ,Smartwatch,Forerunner 45,"Red, Black","14,990","20,990",OLED Display,4.4,Silicone,7,,United Kingdom,Manchester,28.3095
GARMIN ,Smartwatch,Venu 2,"Black, Blue","41,990","41,990",AMOLED Display,4.7,Leather,14,,United Kingdom,Manchester,19.998
GARMIN ,Smartwatch,Vivosmart 4,"Purple, Black","12,150","13,490",OLED Display,3.9,Silicone,5,,United Kingdom,Manchester,3.5022
GARMIN ,Smartwatch,Garmin Instinct HR,"Graphite, Sunburst","34,990","41,490",AMOLED Display,4.1,Silicone,14,,United Kingdom,Manchester,4.2717
GARMIN ,Smartwatch,Approach S62,"White, Black","46,990","51,990",OLED Display,4.1,Silicone,12,,United Kingdom,Manchester,80.7912
GARMIN ,Smartwatch,Venu 2S,"Grey, White","37,990","37,990",AMOLED Display,4.2,Silicone,14,,United Kingdom,Manchester,77.5764
GARMIN ,Smartwatch,Forerunner 245 Music,"Black, Red ","30,000","36,490",LED Display,4.2,Silicone,7,,United Kingdom,Manchester,8.9544
GARMIN ,Smartwatch,Garmin Instinct HR,Flame Red,"20,990","28,490",AMOLED Display,3.7,Silicone,7,,United Kingdom,Manchester,65.435
GARMIN ,Smartwatch,Instinct,Blue,"19,990","28,490",LED Display,4.4,Silicone,7,,United Kingdom,Manchester,7.056
GARMIN ,Smartwatch,Forerunner 245,"Grey, Yellow","24,990","31,490",LCD Display,4.6,Silicone,7,,United Kingdom,Manchester,5.1042
GARMIN ,Smartwatch,Vivomove Style,"White, Pink","26,990","31,490",AMOLED Display,3.3,Nylon,14,,United Kingdom,Manchester,99.432
GARMIN ,Smartwatch,Fenix 6 Pro Solar,"Grey, Black","72,990","88,490",AMOLED Display,,Nylon,45,,United Kingdom,Manchester,494.9725
GARMIN ,Smartwatch,Fenix 6X,"Black, Orange, Red","79,990","88,490",AMOLED Display,,Nylon,45,,United Kingdom,Manchester,35.982
GARMIN ,Smartwatch,FORERUNNER 745 Magma Red,Magma Red,"46,990","51,990",AMOLED Display,,Silicone,14,,United Kingdom,Manchester,4.2048
GARMIN ,Smartwatch,Fenix 6,"Black, Red, Orange","76,990","86,690",LED Display,,Nylon,30,,United Kingdom,Manchester,1.2948
GARMIN ,Smartwatch,Lily,"Purple, Grey, Brown, Black, White ","18,990","20,990",AMOLED Display,3.3,Silicone,7,,United Kingdom,Manchester,-142.071
GARMIN ,Smartwatch,Approach S12,"Black, White","18,990","20,990",OLED Display,4,Silicone,12,,United Kingdom,Manchester,-2.0108
GARMIN ,Smartwatch,Instinct,Graphite,"19,990","28,490",AMOLED Display,5,Silicone,7,,United Kingdom,Manchester,20.8719
GARMIN ,Smartwatch,Vivomove 3,Black,"19,990","25,990",OLED Display,,Silicone,7,,United Kingdom,Manchester,9.5688
GARMIN ,Smartwatch,Fenix 6X Solar,"Black, Grey","1,05,990","1,19,490",AMOLED Display,,Leather,45,,United Kingdom,Manchester,4.5882
GARMIN ,Smartwatch,Fenix 6,"Grey, Blue","77,990","86,690",OLED Display,,Nylon,45,,United Kingdom,Manchester,29.6688
GARMIN ,Smartwatch,Fenix 5X,Black,"58,490","58,490",OLED Display,,Silicone,30,,United Kingdom,Manchester,79.8912
GARMIN ,Smartwatch,Vivomove Luxe,"Black, Silver, White","39,990","52,990",AMOLED Display,,Silicone,14,,United Kingdom,Manchester,212.1876
GARMIN ,Smartwatch,Fenix 6,"Black, Grey","74,990","82,990",OLED Display,,Leather,30,,United Kingdom,Manchester,12.838
GARMIN ,Smartwatch,Vivomove,Black,"31,990","36,790",AMOLED Display,3.3,Silicone,7,,United Kingdom,Manchester,238.653
GARMIN ,Smartwatch,Fenix 6S,"Black, Grey","70,990","84,090",LED Display,,Stainless Steel,30,,United Kingdom,Manchester,79.8912
GARMIN ,Smartwatch,Forerunner 945,"Black, Blue","56,490","62,490",OLED Display,4.2,Silicone,14,,United Kingdom,Manchester,0.7665
GARMIN ,Smartwatch,Forerunner 55,Black,"20,990","20,990",AMOLED Display,,Silicone,7,,United Kingdom,Manchester,4.3584
GARMIN ,Smartwatch,VIVOMOVE LUXE,Navy ,"35,990","47,490",AMOLED Display,,Silicone,14,,United Kingdom,Manchester,-8.1312
GARMIN ,Smartwatch,Lily,Black,"23,490","25,990",AMOLED Display,3.3,Silicone,7,,United Kingdom,Manchester,-16.776
GARMIN ,Smartwatch,Fenix 5X Plus,"White, Black","59,990","79,990",AMOLED Display,,Silicone,30,,United Kingdom,Manchester,7.056
GARMIN ,Smartwatch,Swim 2,Slate,"20,990","26,990",AMOLED Display,,Silicone,7,,United Kingdom,Manchester,111.591
GARMIN ,Smartwatch,Vivoactive 3 Element,Grey,"14,990","16,990",AMOLED Display,3,Silicone,7,,United Kingdom,Manchester,42.0744
GARMIN ,Smartwatch,Vivomove 3S,Black,"19,990","25,990",AMOLED Display,,Silicone,14,,United Kingdom,Manchester,152.0883
GARMIN ,Smartwatch,Forerunner 55,White,"20,990","20,990",OLED Display,,Silicone,14,,United Kingdom,Manchester,49.497
GARMIN ,Smartwatch,Vivoactive 3 Music,Black,"23,990","29,290",OLED Display,3.6,Silicone,14,,United Kingdom,Manchester,101.5794
GARMIN ,Smartwatch,Vivomove HR,Black,"16,990","17,990",OLED Display,3.6,Silicone,14,,United Kingdom,Manchester,29.985
GARMIN ,Smartwatch,Fenix 6X,"Bluw, White ","86,990","96,390",OLED Display,,Leather,45,,United Kingdom,Manchester,-2.4564
GARMIN ,Smartwatch,HRM-Swim,Black,"8,990","8,990",AMOLED Display,,Silicone,14,,United Kingdom,Manchester,-6.567
GARMIN ,Smartwatch,Garmin Instinct Solar Tactical,Grey ,"46,990","51,990",AMOLED Display,,Silicone,14,,United Kingdom,Manchester,7.065
GARMIN ,Smartwatch,Fenix 5S Frost Blue,Blue Sapphire,"39,990","53,190",AMOLED Display,,Silicone,30,,United Kingdom,Manchester,1.64
GARMIN ,Smartwatch,Forerunner 935,Tidal Blue,"39,990","48,790",AMOLED Display,4.7,Silicone,14,,United Kingdom,Manchester,-4.455
GARMIN ,Smartwatch,Hybrid 3,Black,"19,990","25,990",LED Display,,Silicone,14,,United Kingdom,Manchester,5.6115
GARMIN ,Smartwatch,Forerunner 245 Music Japan Edition,"Red, White ","29,990","36,490",LED Display,,Silicone,14,,United Kingdom,Manchester,8.1432
GARMIN ,Smartwatch,Fenix 5,Black,"47,990","52,990",AMOLED Display,,Silicone,30,,United Kingdom,Manchester,37.366
GARMIN ,Smartwatch,Instinct Solar Tidal,"Tidal Blue, Flame Red","34,990","41,490",AMOLED Display,,Silicone,14,,United Kingdom,Manchester,4.0383
GARMIN ,Smartwatch,Fenix 5S Plus,Blue Sapphire,"49,990","53,190",AMOLED Display,,Silicone,30,,United Kingdom,Manchester,10.6232
GARMIN ,Smartwatch,Fenix 6 Sapphire Titanium,Blue Sapphire,"81,990","96,690",AMOLED Display,,Leather ,45,,United Kingdom,Manchester,-16.426
GARMIN ,Smartwatch,Fenix 6 Sapphire Gray DLC,Black,"74,990","82,990",AMOLED Display,,Leather,30,,United Kingdom,Manchester,-1811.0784
GARMIN ,Smartwatch,Vivoactive 3 Music,Blue,"26,990","26,990",OLED Display,3.6,Silicone,14,,United Kingdom,Manchester,7.4816
GARMIN ,Smartwatch,Forerunner 935,Flame Red,"33,742","48,990",OLED Display,4.7,Silicone,14,,United Kingdom,Manchester,1.002
GARMIN ,Smartwatch,Forerunner 745 Whitestone,White,"46,990","51,990",OLED Display,,Silicone,14,,United Kingdom,Manchester,8.0766
GARMIN ,Smartwatch,VIVOACTIVE 4S,Powder Gray,"34,990","34,990",OLED Display,,Silicone,14,,United Kingdom,Manchester,5.9175
GARMIN ,Smartwatch,Forerunner 935,"Black, Green, Yellow","42,990","42,990",OLED Display,4.7,Silicone,14,,United Kingdom,Manchester,15.294
GARMIN ,Smartwatch,Forerunner 235,Black,"18,990","22,990",LED Display,4.7,Silicone,14,,United Kingdom,Manchester,56.9772
GARMIN ,Smartwatch,Fenix 6S,"Black, White","77,990","86,690",AMOLED Display,,Nylon,45,,United Kingdom,Manchester,17.238
GARMIN ,Smartwatch,Forerunner 235,Blue,"24,990","31,197",LED Display,4.7,Silicone,14,,United Kingdom,Manchester,4.3368
GARMIN ,Smartwatch,Venu,Black,"32,990","39,990",LED Display,4,Silicone,14,,United Kingdom,Manchester,9.3312
GARMIN ,Smartwatch,Vivoactive 4,Black,"28,990","34,990",AMOLED Display,4.3,Silicone,14,,United Kingdom,Manchester,92.2368
GARMIN ,Smartwatch,Forerunner 245 Music,"Grey, White","33,490","34,990",AMOLED Display,4.2,Silicone,14,,United Kingdom,Manchester,81.8496
GARMIN ,Smartwatch,Fenix 6 Pro Solar,Yellow,"84,490","88,490",AMOLED Display,,Nylon,45,,United Kingdom,Manchester,215.9973
GARMIN ,Smartwatch,Garmin Instinct Solar Tactical,White,"42,990","47,490",AMOLED Display,,Silicone,14,,United Kingdom,Manchester,-8.9796
GARMIN ,Smartwatch,Forerunner 745 Black,Black,"46,990","51,990",AMOLED Display,5,Silicone,14,,United Kingdom,Manchester,9.1776
GARMIN ,Smartwatch,Vivoactive HR,Black,"21,990","21,990",AMOLED Display,3.5,Silicone,14,,United Kingdom,Manchester,22.2444
GARMIN ,Smartwatch,Fenix 5s,Blue Sapphire,"54,990","54,990",AMOLED Display,,Silicone,30,,United Kingdom,Manchester,37.797
GARMIN ,Smartwatch,vivoactive 4S 40mm,"Rose Gold, Slate Black","28,990","34,990",AMOLED Display,5,Silicone,14,,United Kingdom,Manchester,5.56
GARMIN ,Smartwatch,Instinct,"Blue, Orange","25,249","26,990",OLED Display,4.4,Silicone,14,,United Kingdom,Manchester,62.3904
GARMIN ,Smartwatch,Instinct Solar Camo Edition,"Black, Grey","47,490","47,490",AMOLED Display,4.7,Silicone,14,,United Kingdom,Manchester,15.1158
GARMIN ,Smartwatch,Vivomove 3S,Black,"19,990","25,990",AMOLED Display,,Silicone,14,,United Kingdom,Manchester,109.6113
GARMIN ,Smartwatch,Lily,"Purple, White","18,990","20,990",LED Display,3.3,Silicone,14,,United Kingdom,Manchester,33.5772
GARMIN ,Smartwatch,Vivoactive 3 Element Cerise,Cerise,"14,990","16,990",LED Display,,Silicone,14,,United Kingdom,Manchester,-14.3856
GARMIN ,Smartwatch,Forerunner 235,Black,"21,999","27,790",LED Display,4.7,Silicone,14,,United Kingdom,Manchester,2.7222
GARMIN ,Smartwatch,VIVOMOVE 3S Navy,Rose Gold,"19,990","25,990",LED Display,,Silicone,14,,United Kingdom,Manchester,5.096
GARMIN ,Smartwatch,Fenix 5s,"Black, White ","34,990","49,990",AMOLED Display,,Silicone,30,,United Kingdom,Manchester,12.18
GARMIN ,Smartwatch,Vivoactive 4,Purple,"28,990","34,990",LED Display,4.3,Silicone,14,,United Kingdom,Manchester,6.7915
GARMIN ,Smartwatch,Vivoactive 3 Music,White,"19,144","26,990",LED Display,3.6,Silicone,14,,United Kingdom,Manchester,31.0856
GARMIN ,Smartwatch,Forerunner15 Heart,Black,"12,999","14,499",AMOLED Display,4.7,Silicone,14,,United Kingdom,Manchester,-71.994
GARMIN ,Smartwatch,Running GPS 935,Black,"42,990","42,990",AMOLED Display,,Leather,14,,United Kingdom,Manchester,-140.1408
GARMIN ,Smartwatch,Forerunner,Black,"44,990","44,990",AMOLED Display,,Leather,14,,United Kingdom,Manchester,-1.3128
GARMIN ,Smartwatch,Approach S20,"Black, White ","15,990","19,990",OLED Display,4.1,Silicone,12,,United Kingdom,Manchester,94.4937
GARMIN ,Smartwatch,Forerunner 235 Activity Tracker,Black,"22,990","22,990",AMOLED Display,,Silicone,14,,United Kingdom,Manchester,1.7901
GARMIN ,Smartwatch,Vivoactive 3 element,Black,"22,990","29,990",AMOLED Display,3.6,Silicone,14,,United Kingdom,Manchester,343.9828
GARMIN ,Smartwatch,Fenix,Black,"54,990","54,990",AMOLED Display,,Leather,30,,United Kingdom,Manchester,21.506
GARMIN ,Smartwatch,Forerunner 35,Frost Blue,"16,990","16,990",AMOLED Display,,Silicone,14,,United Kingdom,Manchester,19.9746
GARMIN ,Smartwatch,Forerunner,Black,"16,990","16,990",AMOLED Display,,Silicone,14,,United Kingdom,Manchester,2.1762
GARMIN ,Smartwatch,Forerunner,Blue,"29,990","29,990",AMOLED Display,,Silicone,14,,United Kingdom,Manchester,23.0864
GARMIN ,Smartwatch,Vivoactive 3 element,Grey,"13,578","24,990",LED Display,3.6,Silicone,14,,United Kingdom,Manchester,94.4925
GARMIN ,Smartwatch,Rubber 35,Black,"16,990","16,990",LED Display,2,Silicone,14,,United Kingdom,Manchester,19.8716
GARMIN ,Smartwatch,FORRUNNER 235,Black,"22,990","22,990",LED Display,,Silicone,14,,United Kingdom,Manchester,56.9943
GARMIN ,Smartwatch,Forerunner,Black,"27,990","27,990",LED Display,,Silicone,14,,United Kingdom,Manchester,43.1904
GARMIN ,Smartwatch,Forerunner Fitness Notifier,Black,"15,990","16,743",LED Display,,Silicone,14,,United Kingdom,Manchester,9.5448
GARMIN ,Smartwatch,Vivomove HR,Black,"12,990","19,990",LED Display,3.7,Silicone,14,,United Kingdom,Manchester,1.5588
GARMIN ,Smartwatch,Vivoactive 3 element,Blue,"16,990","16,990",AMOLED Display,3.6,Silicone,14,,United Kingdom,Manchester,17.52
GARMIN ,Smartwatch,Vivoactive,Black,"27,990","27,990",AMOLED Display,4.8,Silicone,14,,United Kingdom,Manchester,13.4292
GARMIN ,Smartwatch,Forerunner 735XT,Black,"39,990","39,990",LED Display,,Silicone,14,,United Kingdom,Manchester,100.4796
GARMIN ,Smartwatch,HR GPS Smart,Black,"15,999","20,000",AMOLED Display,,Silicone,14,,United Kingdom,Manchester,47.241
GARMIN ,Smartwatch,Hybrid,Rose Gold,"15,911","21,335",LED Display,,Silicone,7,,United Kingdom,Manchester,21.9978
OnePlus ,Smartwatch,Watch,"Black, Silver","14,999","16,999",AMOLED Display,4.4,Elastomer,14,,United Kingdom,Manchester,-130.0104
Huawei,Smartwatch,GT2 46mm,"Black, Brown","14,990","20,990",AMOLED Display,4.5,Elastomer,14,,United Kingdom,Manchester,-1.3584
Huawei,Smartwatch,GT2 Pro,Black,"22,990","29,990",AMOLED Display,4.4,Elastomer,14,,United Kingdom,Manchester,-6.0324
Huawei,Smartwatch,GT2 Pro,Grey,"24,990","34,990",AMOLED Display,3.5,Elastomer,14,,United Kingdom,Manchester,73.194
Huawei,Smartwatch,GT2 eSport,Black,"11,990","19,990",AMOLED Display,4.3,Elastomer,14,,United Kingdom,Manchester,110.0528
Huawei,Smartwatch,GT2 eSport,Red,"8,990","19,990",AMOLED Display,4.3,Elastomer,14,,United Kingdom,Manchester,22.5296
Huawei,Smartwatch,GT2 eActive,"Green, Red","11,990","19,990",AMOLED Display,4.3,Thermoplastic polyurethane,14,,United Kingdom,Manchester,2.224
Huawei,Smartwatch,GT2 42mm,Black,"14,990","19,990",AMOLED Display,4.3,Elastomer,14,,United Kingdom,Manchester,129.348
Huawei,Smartwatch,Stainless Steel,Black,"19,990","19,990",AMOLED Display,4.5,Leather,14,,United Kingdom,Manchester,68.5965
Huawei,Smartwatch,GT Active,Green,"8,990","20,990",AMOLED Display,4.4,Silicone,14,,United Kingdom,Manchester,419.8185
Huawei,Smartwatch,GT Active,Orange,"15,990","20,990",AMOLED Display,4.4,Silicone,14,,United Kingdom,Manchester,5.8604
Huawei,Smartwatch,GT Sport,Black,"10,990","20,990",AMOLED Display,4.4,Silicone,14,,United Kingdom,Manchester,71.991
Huawei,Smartwatch,GT Classic,Brown,"10,990","21,990",AMOLED Display,4.5,Leather,14,,United Kingdom,Manchester,31.5372
Huawei,Smartwatch,GT2 46mm,Grey,"20,990","30,990",AMOLED Display,4.5,Stainless Steel,14,,United Kingdom,Manchester,125.1432
Huawei,Smartwatch,Fit,Blue,"9,999","9,999",AMOLED Display,3.4,Silicone,7,,United Kingdom,Manchester,23.232
Huawei,Smartwatch,Fit,Orange,"6,999","9,999",AMOLED Display,3.4,Silicone,7,,United Kingdom,Manchester,0.4356
Huawei,Smartwatch,Watch 2 Sport,Black,"29,999","29,999",AMOLED Display,3.8,Silicone,7,,United Kingdom,Manchester,36.917
Huawei,Smartwatch,Watch 32564546,Black,"49,999","49,999",AMOLED Display,4.1,Silicone,14,,United Kingdom,Manchester,-7.5768
Huawei,Smartwatch,Watch 2,Black,"25,999","25,999",AMOLED Display,3.9,Leather,7,,United Kingdom,Manchester,-23.8855
Huawei,Smartwatch,Watch 36456,Black,"55,000","55,000",AMOLED Display,4.1,Silicone,14,,United Kingdom,Manchester,0.6696
Huawei,Smartwatch,GT Fortuna-B19S Sport,Black,"13,990","20,990",AMOLED Display,4.1,Elastomer,14,,United Kingdom,Manchester,3.8682
GOQii,FitnessBand,HR,Black,5.904,"1,999",OLED Display,3.8,Silicone,7,,United Kingdom,Manchester,312.676
GOQii,FitnessBand,Vital,Black,30.08,"3,499",OLED Display,3.7,Thermoplastic polyurethane,7,,United Kingdom,Manchester,-80.48
FOSSIL ,Smartwatch,Gen 5E,"Grey, Multicolor",36.288,"18,495",AMOLED Display,4.2,Stainless Steel,1,,United Kingdom,Manchester,-0.6265
boAt ,Smartwatch,Vertex,"Grey, Blue, Black, Red",10.272,"6,990",AMOLED Display,3.9,Silicone,7,1301,United Kingdom,Manchester,1.7991
Crossbeats,Smartwatch,Orbit Sport,Black,252.8,"9,999",IPS Display,4.1,Silicone,10,319,United Kingdom,Manchester,14.17
Crossbeats,Smartwatch,Ignite S3,"Silver, Black, Green",2.946,"9,999",IPS Display,3.9,Silicone,7,96,United Kingdom,Manchester,5.7312
Crossbeats,Smartwatch,Ace,Grey,12.96,"9,999",IPS Display,3.9,Silicone,15,545,United Kingdom,Manchester,24.2256
Crossbeats,Smartwatch,Orbit ,"Black, Blue",285.576,"9,999",IPS Display,3.7,Silicone,10,281,United Kingdom,Manchester,3.6288
Crossbeats,Smartwatch,Ignite  ,Green,22.24,"7,999",IPS Display,3.9,Silicone,10,309,United Kingdom,Manchester,1.5444
Crossbeats,Smartwatch,Ignite Pro,"Silver, Black",14.62,"9,999",IPS Display,4.2,Silicone,7,84,United Kingdom,Manchester,4.5738
Crossbeats,Smartwatch,Orbit - Special Edition,Brown,48.36,"9,999",IPS Display,3.9,Leather,10,108,United Kingdom,Manchester,-13.7976
Crossbeats,Smartwatch,Trak,Black,16.256,"9,999",IPS Display,3.8,Silicone,15,127,United Kingdom,Manchester,6.216
dizo by realme ,Smartwatch,Watch 2,"Black, Blue, Grey, Pink, White",219.184,"3,999",LCD Display,4.3,Silicone,10,,United Kingdom,Manchester,0.7425
dizo by realme ,Smartwatch,Watch Pro,"Blue, Black",95.84,"5,999",LCD Display,4.2,Silicone,14,360,United Kingdom,Manchester,29.6
Noise ,Smartwatch,ColorFit Caliber,"Black, Blue, White",12.39,"3,999",TFT-LCD Display,4.3,Silicone,15,,United Kingdom,Manchester,9.68
Noise ,Smartwatch,Evolve 2 ,"Black, Grey, Pink",35.88,"7,999",AMOLED Display,3.9,Silicone,7,,United Kingdom,Manchester,74.8142
Noise ,Smartwatch,ColorFit IconBuzz,"Black, Green, Grey",477.3,"4,999",TFT-LCD Display,,Silicone,7,,United Kingdom,Manchester,-15.992
Ptron,Smartwatch,Pulsefit,Black,12.32,"3,199",TFT-LCD Display,2.5,Silicone,3,264,United Kingdom,Manchester,-15.5844
Ptron,Smartwatch,Pulsefit P461,"Black, Blue",8.608,"2,999",TFT-LCD Display,3.3,Silicone,3,477,United Kingdom,Manchester,0
Ptron,Smartwatch,Pulsefit P261,Blue,136.26,"2,999",TFT-LCD Display,3.1,Silicone,3,327,United Kingdom,Manchester,2.528
Ptron,Smartwatch,Tronite,Brown,186.15,"2,000",LCD Display,3.7,Silicone,3,16,United Kingdom,Manchester,-24.803
Ptron,Smartwatch,Rhythm,White,81.792,"3,000",LCD Display,3.4,Silicone,7,120,United Kingdom,Manchester,1.4406
Zebronics,Smartwatch,ZEB-FIT8220CH,"Black, Blue, Red, Rose Gold",47.19,"3,999",TFT-LCD Display,4.5,Silicone,7,34,United Kingdom,Manchester,-23.976
Zebronics,Smartwatch,ZEB-FIT4220CH,"Black, Grey, Silver",36.784,"7,999",TFT-LCD Display,4.2,Silicone,10,46,United Kingdom,Manchester,7.5284
Zebronics,Smartwatch,ZEB-FIT920CH,"Black, Grey, Red",91.475,"4,499",TFT-LCD Display,4.6,Thermoplastic polyurethane,7,41,United Kingdom,Manchester,10.881
Zebronics,Smartwatch,ZEB-FITMe,"Black, Blue, Green, Grey, Pink",27.192,"4,999",TFT-LCD Display,4.5,Thermoplastic polyurethane,7,29,United Kingdom,Manchester,3.1104
Zebronics,Smartwatch,ZEB-FIT5220CH,Gold,12.06,"4,999",TFT-LCD Display,,Rubber,7,,United Kingdom,Manchester,94.0702
Zebronics,Smartwatch,ZEB-FIT1220CH,Silver,144.6,"3,999",TFT-LCD Display,,Silicone,7,,United Kingdom,Manchester,38.3572
Zebronics,Smartwatch,ZEB-FIT5220CH,Blue,15.992,"4,999",TFT-LCD Display,,Rubber,7,,United Kingdom,Manchester,6.5569
Zebronics,Smartwatch,ZEB-FIT650CH,Black,34.44,"4,199",TFT-LCD Display,2.9,Silicone,7,5,United Kingdom,Manchester,-18.147
Zebronics,Smartwatch,Smarttime 200,Black,321.552,"2,999",TFT-LCD Display,3.1,Rubber,3,5,United Kingdom,Manchester,4.1416
Zebronics,FitnessBand,ZEB-FIT450,Blue,701.96,"1,899",TFT-LCD Display,3.3,Silicone,3,,United Kingdom,Manchester,18.7812
Zebronics,FitnessBand,zeb-fit,"Black, Grey",19.456,"1,899",TFT-LCD Display,3.3,Silicone,3,4,United Kingdom,Manchester,70.008
Zebronics,Smartwatch,Fit-650,Black,17.28,"4,199",TFT-LCD Display,3.1,Leather,3,3,United Kingdom,Manchester,78.396
Fire-Boltt,Smartwatch,Ninja touch to Wake,"Beige, Black, Grey",31.96,"4,999",HD Display,3.9,Silicone,5,6046,United Kingdom,Manchester,1.773
Fire-Boltt,Smartwatch,Ultron,"Black, Blue, Grey, Pink ",164.688,"10,999",AMOLED Display,4.1,Silicone,5,229,United Kingdom,Manchester,17.3754
Fire-Boltt,Smartwatch,Ninja Pro,"Black, Blue, Green, Red, Beige, Grey",166.5,"4,999",HD Display,4,Silicone,10,688,United Kingdom,Manchester,5.778
Fire-Boltt,Smartwatch,Mercury,"Black, Beige, Grey",12.96,"7,999",HD Display,4,Silicone,8,4941,United Kingdom,Manchester,11.556
Fire-Boltt,Smartwatch,SpO2 Full Touch,"Black, Blue, Grey, Pink, Gold",110.96,"5,999",HD Display,4,Silicone,8,2525,United Kingdom,Manchester,-2.0364
Fire-Boltt,Smartwatch,Max,"Black, Blue, Green",99.98,"12,999",AMOLED Display,4,Silicone,10,519,United Kingdom,Manchester,0.471
Fire-Boltt,Smartwatch,AI-BT Calling,"Black, Blue, Grey, Pink",11.424,"9,999",HD Display,3.7,Silicone,10,423,United Kingdom,Manchester,6.2208
Fire-Boltt,Smartwatch,BSW004,Green,128.124,"9,999",LCD Display,,Silicone,7,,United Kingdom,Manchester,56.392
Fire-Boltt,Smartwatch,Spin,"Blue, Grey, Pink",101.4,"5,999",TFT-LCD Display,2.4,Silicone,5,15,United Kingdom,Manchester,28.0784
Fire-Boltt,Smartwatch,Talk Bluetooth,"Black, Grey, Green",5.904,"9,999",HD Display,4.1,Silicone,10,923,United Kingdom,Manchester,84.5154
Fire-Boltt,Smartwatch,Almighty,Orange,173.488,"14,999",AMOLED Display,4.1,Silicone,10,212,United Kingdom,Manchester,76.0878
Fire-Boltt,Smartwatch,Mercury,Red,51.56,"7,999",HD Display,4,Silicone,8,4941,United Kingdom,Manchester,36.3987
Fire-Boltt,Smartwatch,Spin,White,3.564,"5,999",TFT-LCD Display,2.4,Silicone,5,15,United Kingdom,Manchester,229.9908
Fire-Boltt,Smartwatch,Ninja Pro,White,13.16,"4,999",HD Display,4,Silicone,10,688,United Kingdom,Manchester,111.1035
,,,,,,,,,,,,,51.57
